Name,gwp20,loggwp20,gwp100,loggwp100,gwp500,loggwp500,smiles
Carbon dioxide,1,0,1,0,1,0,O=C=O
Methane,81.2,1.909556029,27.9,1.445604203,7.95,0.900367129,C
Nitrous oxide,273,2.436162647,273,2.436162647,130,2.113943352,[N-]=[N+]=O
Trichlorofluoromethane,8320,3.920123326,6230,3.794488047,2090,3.320146286,FC(Cl)(Cl)Cl
Dichlorodifluoromethane,12700,4.103803721,12500,4.096910013,5710,3.756636108,FC(F)(Cl)Cl
Chlorotrifluoromethane,12400,4.093421685,16200,4.209515015,17500,4.243038049,FC(F)(F)Cl
"1,1,2,2-tetrachloro-1,2-difluoroethane",5620,3.749736316,4620,3.664641976,1670,3.222716471,FC(Cl)(Cl)C(F)(Cl)Cl
"1,1,1,2-tetrachloro-2,2-difluoroethane",4740,3.675778342,3550,3.550228353,1190,3.075546961,FC(F)(Cl)C(Cl)(Cl)Cl
"1,1,2-trichloro-1,2,2-trifluoroethane",6860,3.836324116,6520,3.814247596,2830,3.451786436,FC(F)(Cl)C(F)(Cl)Cl
"1,1,1-trichloro-2,2,2-trifluoroethane",5110,3.7084209,3930,3.59439255,1350,3.130333768,FC(F)(F)C(Cl)(Cl)Cl
"1,2-dichloro-1,1,2,2-tetrafluoroethane",8260,3.916980047,9430,3.974511693,6150,3.788875116,FC(F)(Cl)C(F)(F)Cl
"1,1-dichloro-1,2,2,2-tetrafluoroethane",7510,3.875639937,7420,3.870403905,3450,3.537819095,FC(F)(F)C(F)(Cl)Cl
"1-chloro-1,1,2,2,2-pentafluoroethane",7410,3.869818208,9600,3.982271233,9880,3.994756945,FC(F)(F)C(F)(F)Cl
"(1s,2s)-1,2-dichloro-1,2,3,3,4,4-hexafluorocyclobutane",4810,3.682145076,4230,3.626340367,1650,3.217483944,FC1(F)C(F)(F)[C@](F)(Cl)[C@@]1(F)Cl
"(1r,2s)-1,2-dichloro-1,2,3,3,4,4-hexafluorocyclobutane",5590,3.747411808,5660,3.752816431,2760,3.440909082,FC1(F)C(F)(F)[C@@](F)(Cl)[C@@]1(F)Cl
"(e)-1,2-dichloro-1,2-difluoroethene",0.454,-0.342944147,0.126,-0.899629455,0.036,-1.443697499,F/C(Cl)=C(/F)Cl
"1,1-dichloro-2,2-difluoroethene",0.076,-1.119186408,0.021,-1.677780705,0.006,-2.22184875,FC(F)=C(Cl)Cl
Dichlorofluoromethane,575,2.759667845,160,2.204119983,45.6,1.658964843,FC(Cl)Cl
Chlorodifluoromethane,5690,3.755112266,1960,3.292256071,560,2.748188027,FC(F)Cl
Chlorofluoromethane,286,2.456366033,79.4,1.899820502,22.6,1.354108439,FCCl
"1,1,2,2-tetrachloro-1-fluoroethane",210,2.322219295,58.3,1.765668555,16.6,1.220108088,FC(Cl)(Cl)C(Cl)Cl
"1,2,2-trichloro-1,1-difluoroethane",203,2.307496038,56.4,1.751279104,16.1,1.206825876,FC(F)(Cl)C(Cl)Cl
"1,1,2-trichloro-1,2-difluoroethane",879,2.943988875,245,2.389166084,69.9,1.844477176,FC(Cl)C(F)(Cl)Cl
"2,2-dichloro-1,1,1-trifluoroethane",325,2.511883361,90.4,1.95616843,25.8,1.411619706,FC(F)(F)C(Cl)Cl
"1,2-dichloro-1,1,2-trifluoroethane",1410,3.149219113,395,2.596597096,113,2.053078443,FC(Cl)C(F)(F)Cl
"2-chloro-1,1,1,2-tetrafluoroethane",2070,3.315970345,597,2.775974331,170,2.230448921,FC(Cl)C(F)(F)F
"1-chloro-1,1,2,2-tetrafluoroethane",5110,3.7084209,2070,3.315970345,592,2.772321707,FC(F)C(F)(F)Cl
"1,2-dichloro-1,2-difluoroethane",440,2.643452676,122,2.086359831,34.9,1.542825427,FC(Cl)C(F)Cl
"1,1-dichloro-2,2-difluoroethane",253,2.403120521,70.4,1.847572659,20.1,1.303196057,FC(F)C(Cl)Cl
"1,1-dichloro-1,2-difluoroethane",1220,3.086359831,342,2.534026106,97.6,1.989449818,FCC(F)(Cl)Cl
"2-chloro-1,1,1-trifluoroethane",1370,3.136720567,388,2.588831726,111,2.045322979,FC(F)(F)CCl
"1,2-dichloro-1-fluoroethane",168,2.225309282,46.6,1.668385917,13.3,1.123851641,FC(Cl)CCl
"1,1-dichloro-1-fluoroethane",2710,3.432969291,860,2.934498451,246,2.390935107,CC(F)(Cl)Cl
"1-chloro-1,1-difluoroethane",5510,3.741151599,2300,3.361727836,658,2.818225894,CC(F)(F)Cl
"3,3-dichloro-1,1,1,2,2-pentafluoropropane",491,2.691081492,137,2.136720567,39,1.591064607,FC(F)(F)C(F)(F)C(Cl)Cl
"1,3-dichloro-1,1,2,2,3-pentafluoropropane",1960,3.292256071,568,2.754348336,162,2.209515015,FC(Cl)C(F)(F)C(F)(F)Cl
"(e)-1-chloro-3,3,3-trifluoroprop-1-ene",14,1.146128036,3.88,0.588831726,1.11,0.045322979,FC(F)(F)/C=C/Cl
"1-chloro-3,3,3-trifluoroprop-1-ene",1.64,0.214843848,0.454,-0.342944147,0.129,-0.88941029,FC(F)(F)C=CCl
(e)-1-chloro-2-fluoroethene,0.013,-1.886056648,0.004,-2.397940009,0.001,-3,F/C=C/Cl
Trifluoromethane,12400,4.093421685,14600,4.164352856,10500,4.021189299,FC(F)F
Difluoromethane,2690,3.42975228,771,2.887054378,220,2.342422681,FCF
Fluoromethane,485,2.685741739,135,2.130333768,38.6,1.586587305,CF
"1,1,1,2,2-pentafluoroethane",6740,3.828659897,3740,3.572871602,1110,3.045322979,FC(F)C(F)(F)F
"1,1,2,2-tetrafluoroethane",3900,3.591064607,1260,3.100370545,361,2.557507202,FC(F)C(F)F
"1,1,1,2-tetrafluoroethane",4140,3.617000341,1530,3.184691431,436,2.639486489,FCC(F)(F)F
"1,1,2-trifluoroethane",1300,3.113943352,364,2.561101384,104,2.017033339,FCC(F)F
"1,1,1-trifluoroethane",7840,3.894316063,5810,3.764176132,1940,3.28780173,CC(F)(F)F
"1,2-difluoroethane",77.6,1.889861721,21.5,1.33243846,6.14,0.788168371,FCCF
"1,1-difluoroethane",591,2.771587481,164,2.214843848,46.8,1.670245853,CC(F)F
Fluoroethane,17.4,1.240549248,4.84,0.684845362,1.38,0.139879086,CCF
"1,1,1,2,2,3,3-heptafluoropropane",5370,3.729974286,2980,3.474216264,885,2.946943271,FC(F)C(F)(F)C(F)(F)F
"1,1,1,2,3,3,3-heptafluoropropane",5850,3.767155866,3600,3.556302501,1100,3.041392685,FC(C(F)(F)F)C(F)(F)F
"1,1,1,2,2,3-hexafluoropropane",3750,3.574031268,1350,3.130333768,387,2.587710965,FCC(F)(F)C(F)(F)F
"1,1,1,2,3,3-hexafluoropropane",4420,3.645422269,1500,3.176091259,428,2.631443769,FC(F)C(F)C(F)(F)F
"1,1,1,3,3,3-hexafluoropropane",7450,3.872156273,8690,3.939019776,6040,3.781036939,FC(F)(F)CC(F)(F)F
"1,1,2,2,3-pentafluoropropane",2680,3.428134794,787,2.895974732,225,2.352182518,FCC(F)(F)C(F)F
"1,1,1,2,2-pentafluoropropane",6970,3.843232778,4550,3.658011397,1420,3.152288344,CC(F)(F)C(F)(F)F
"1,1,2,3,3-pentafluoropropane",912,2.959994838,255,2.40654018,72.6,1.860936621,FC(F)C(F)C(F)F
"1,1,1,2,3-pentafluoropropane",1160,3.064457989,325,2.511883361,92.6,1.966610987,FCC(F)C(F)(F)F
"1,1,1,3,3-pentafluoropropane",3170,3.501059262,962,2.983175072,274,2.437750563,FC(F)CC(F)(F)F
"1,1,1-trifluoropropane",269,2.42975228,74.8,1.873901598,21.3,1.328379603,CCC(F)(F)F
"2,2-difluoropropane",1910,3.281033367,599,2.777426822,171,2.23299611,CC(C)(F)F
"1,1,1,2,2,3,3,4,4-nonafluorobutane",5010,3.699837726,2890,3.460897843,866,2.937517892,FC(F)C(F)(F)C(F)(F)C(F)(F)F
"1,1,1,3,3-pentafluorobutane",2920,3.465382851,914,2.960946196,261,2.416640507,CC(F)(F)CC(F)(F)F
"1,1,1,2,2,3,4,5,5,5-decafluoropentane",3960,3.597695186,1600,3.204119983,458,2.660865478,FC(C(F)C(F)(F)C(F)(F)F)C(F)(F)F
Trifluoroethylene,0.017,-1.769551079,0.005,-2.301029996,0.001,-3,FC=C(F)F
"1,1-difluoroethene",0.189,-0.723538196,0.052,-1.283996656,0.015,-1.823908741,C=C(F)F
Fluoroethene,0.088,-1.055517328,0.024,-1.619788758,0.007,-2.15490196,C=CF
"(z)-1,2,3,3,3-pentafluoroprop-1-ene",1.24,0.093421685,0.344,-0.463441557,0.098,-1.008773924,F/C=C(\F)C(F)(F)F
"(e)-1,2,3,3,3-pentafluoroprop-1-ene",0.426,-0.370590401,0.118,-0.928117993,0.034,-1.468521083,F/C=C(/F)C(F)(F)F
"(z)-1,3,3,3-tetrafluoroprop-1-ene",1.13,0.053078443,0.315,-0.501689446,0.09,-1.045757491,F/C=C\C(F)(F)F
"(e)-1,3,3,3-tetrafluoroprop-1-ene",4.94,0.693726949,1.37,0.136720567,0.391,-0.407823243,F/C=C/C(F)(F)F
"2,3,3,3-tetrafluoroprop-1-ene",1.81,0.257678575,0.501,-0.300162274,0.143,-0.844663963,C=C(F)C(F)(F)F
"(e)-1,1,1,4,4,4-hexafluorobut-2-ene",64.3,1.808210973,17.9,1.252853031,5.09,0.706717782,FC(F)(F)/C=C/C(F)(F)F
"(z)-1,1,1,4,4,4-hexafluorobut-2-ene",7.48,0.873901598,2.08,0.318063335,0.592,-0.227678293,FC(F)(F)/C=C\C(F)(F)F
"3,3,3-trifluoroprop-1-ene",0.94,-0.026872146,0.261,-0.583359493,0.074,-1.13076828,C=CC(F)(F)F
"3,3,4,4,4-pentafluorobut-1-ene",0.656,-0.183096161,0.182,-0.739928612,0.052,-1.283996656,C=CC(F)(F)C(F)(F)F
"3,3,4,4,5,5,6,6,6-nonafluorohex-1-ene",0.734,-0.13430394,0.204,-0.690369833,0.058,-1.236572006,C=CC(F)(F)C(F)(F)C(F)(F)C(F)(F)F
"3,3,4,4,5,5,6,6,7,7,8,8,8-tridecafluorooct-1-ene",0.584,-0.233587153,0.162,-0.790484985,0.046,-1.337242168,C=CC(F)(F)C(F)(F)C(F)(F)C(F)(F)C(F)(F)C(F)(F)F
"3,3,4,4,5,5,6,6,7,7,8,8,9,9,10,10,10-heptadecafluorodec-1-ene",0.508,-0.294136288,0.141,-0.850780887,0.04,-1.397940009,C=CC(F)(F)C(F)(F)C(F)(F)C(F)(F)C(F)(F)C(F)(F)C(F)(F)C(F)(F)F
"3,3,3-trifluoro-2-(trifluoromethyl)prop-1-ene",1.36,0.133538908,0.377,-0.42365865,0.107,-0.970616222,C=C(C(F)(F)F)C(F)(F)F
"1,1,2,2,3,3-hexafluorocyclopentane",431,2.63447727,120,2.079181246,34.2,1.534026106,FC1(F)CCC(F)(F)C1(F)F
"1,1,2,2,3,3,4-heptafluorocyclopentane",830,2.919078092,231,2.36361198,66,1.819543936,FC1CC(F)(F)C(F)(F)C1(F)F
"1,3,3,4,4,5,5-heptafluorocyclopentene",162,2.209515015,45.1,1.654176542,12.8,1.10720997,FC1=CC(F)(F)C(F)(F)C1(F)F
"(4s,5s)-1,1,2,2,3,3,4,5-octafluorocyclopentane",925,2.966141733,258,2.411619706,73.6,1.866877814,F[C@H]1[C@H](F)C(F)(F)C(F)(F)C1(F)F
"(e)-1,3,4,4,4-pentafluoro-3-(trifluoromethyl)but-1-ene",29.6,1.471291711,8.22,0.914871818,2.34,0.369215857,F/C=C/C(F)(C(F)(F)F)C(F)(F)F
"3,3,4,4,5,5,5-heptafluoropent-1-ene",0.847,-0.07211659,0.235,-0.628932138,0.067,-1.173925197,C=CC(F)(F)C(F)(F)C(F)(F)F
"1,3,3,4,4-pentafluorocyclobutene",333,2.522444234,92.4,1.965671971,26.4,1.421603927,FC1=CC(F)(F)C1(F)F
"3,3,4,4-tetrafluorocyclobutene",92.1,1.96425963,25.6,1.408239965,7.29,0.862727528,FC1(F)C=CC1(F)F
"1,1,1-trichloroethane",567,2.753583059,161,2.206825876,46,1.662757832,CC(Cl)(Cl)Cl
Tetrachloromethane,3810,3.580924976,2200,3.342422681,658,2.818225894,ClC(Cl)(Cl)Cl
Chloromethane,19.9,1.298853076,5.54,0.743509765,1.58,0.198657087,CCl
Dichloromethane,40.2,1.604226053,11.2,1.049218023,3.18,0.50242712,ClCCl
Trichloromethane,74.2,1.870403905,20.6,1.31386722,5.87,0.768638101,ClC(Cl)Cl
Chloroethane,1.73,0.238046103,0.481,-0.317854924,0.137,-0.863279433,CCCl
"1,2-dichloroethane",4.68,0.670245853,1.3,0.113943352,0.371,-0.43062609,ClCCCl
"1,1,2-trichloroethene",0.158,-0.801342913,0.044,-1.356547324,0.013,-1.886056648,ClC=C(Cl)Cl
"1,1,2,2-tetrachloroethene",22.8,1.357934847,6.34,0.802089258,1.81,0.257678575,ClC(Cl)=C(Cl)Cl
2-chloropropane,0.651,-0.186419011,0.181,-0.742321425,0.052,-1.283996656,CC(C)Cl
1-chlorobutane,0.024,-1.619788758,0.007,-2.15490196,0.002,-2.698970004,CCCCCl
Bromomethane,8.74,0.941511433,2.43,0.385606274,0.692,-0.159893906,CBr
Dibromomethane,5.45,0.736396502,1.51,0.178976947,0.431,-0.36552273,BrCBr
Bromodifluoromethane,1340,3.127104798,380,2.579783597,108,2.033423755,FC(F)Br
Dibromodifluoromethane,775,2.889301703,216,2.334453751,61.5,1.788875116,FC(F)(Br)Br
Bromochlorodifluoromethane,4920,3.691965103,1930,3.285557309,552,2.741939078,FC(F)(Cl)Br
Bromotrifluoromethane,8320,3.920123326,7200,3.857332496,2750,3.439332694,FC(F)(F)Br
"2-bromo-1,1,1-trifluoroethane",635,2.802773725,177,2.247973266,50.6,1.704150517,FC(F)(F)CBr
"2-bromo-2-chloro-1,1,1-trifluoroethane",162,2.209515015,45,1.653212514,12.8,1.10720997,FC(F)(F)C(Cl)Br
"2-bromo-1,1,1,2-tetrafluoroethane",723,2.859138297,201,2.303196057,57.5,1.759667845,FC(Br)C(F)(F)F
"1,2-dibromo-1,1,2,2-tetrafluoroethane",4070,3.609594409,2170,3.336459734,639,2.805500858,FC(F)(Br)C(F)(F)Br
Tribromomethane,0.901,-0.045275209,0.25,-0.602059991,0.071,-1.148741651,BrC(Br)Br
Bromochloromethane,17.1,1.23299611,4.74,0.675778342,1.35,0.130333768,ClCBr
Bromoethane,1.75,0.243038049,0.487,-0.312471039,0.139,-0.8569852,CCBr
"1,2-dibromoethane",3.67,0.564666064,1.02,0.008600172,0.291,-0.536107011,BrCCBr
1-bromopropane,0.188,-0.725842151,0.052,-1.283996656,0.015,-1.823908741,CCCBr
2-bromopropane,0.453,-0.343901798,0.126,-0.899629455,0.036,-1.443697499,CC(C)Br
Nitrogen trifluoride,13400,4.127104798,17400,4.240549248,18200,4.260071388,FN(F)F
Pentadecafluorotriethylamine,7700,3.886490725,10300,4.012837225,12300,4.089905111,FC(F)(F)C(F)(F)N(C(F)(F)C(F)(F)F)C(F)(F)C(F)(F)F
Perfluorotripropylamine,6750,3.829303773,9030,3.95568775,10800,4.033423755,FC(F)(F)C(F)(F)C(F)(F)N(C(F)(F)C(F)(F)C(F)(F)F)C(F)(F)C(F)(F)C(F)(F)F
Heptacosafluorotributylamine,6340,3.802089258,8490,3.92890769,10100,4.004321374,FC(F)(F)C(F)(F)C(F)(F)C(F)(F)N(C(F)(F)C(F)(F)C(F)(F)C(F)(F)F)C(F)(F)C(F)(F)C(F)(F)C(F)(F)F
Perfluorotripentylamine,5420,3.733999287,7260,3.860936621,8650,3.937016107,FC(F)(F)C(F)(F)C(F)(F)C(F)(F)C(F)(F)N(C(F)(F)C(F)(F)C(F)(F)C(F)(F)C(F)(F)F)C(F)(F)C(F)(F)C(F)(F)C(F)(F)C(F)(F)F
Heptafluoroisobutyronitrile,4580,3.660865478,2750,3.439332694,835,2.921686475,N#CC(F)(C(F)(F)F)C(F)(F)F
Sulfur hexafluoride,18300,4.26245109,25200,4.401400541,34100,4.532754379,FS(F)(F)(F)(F)F
Pentafluoro(trifluoromethyl)-lambda6-sulfane,13900,4.1430148,18500,4.267171728,21100,4.324282455,FC(F)(F)S(F)(F)(F)(F)F
Sulfuryl fluoride,7510,3.875639937,4630,3.665580991,1410,3.149219113,O=S(=O)(F)F
Tetrafluoromethane,5300,3.72427587,7380,3.868056362,10600,4.025305865,FC(F)(F)F
Hexafluoroethane,8940,3.951337519,12400,4.093421685,17500,4.243038049,FC(F)(F)C(F)(F)F
Octafluoropropane,6770,3.830588669,9290,3.968015714,12400,4.093421685,FC(F)(F)C(F)(F)C(F)(F)F
Hexafluorocyclobutene,453,2.656098202,126,2.100370545,35.9,1.555094449,FC1=C(F)C(F)(F)C1(F)F
Octafluorocyclobutane,7400,3.86923172,10200,4.008600172,13800,4.139879086,FC1(F)C(F)(F)C(F)(F)C1(F)F
Decafluorobutane,7300,3.86332286,10000,4,13400,4.127104798,FC(F)(F)C(F)(F)C(F)(F)C(F)(F)F
Octafluorocyclopentene,281,2.44870632,78.1,1.892651034,22.3,1.348304863,FC1=C(F)C(F)(F)C(F)(F)C1(F)F
Dodecafluoropentane,6680,3.824776462,9220,3.964730921,12700,4.103803721,FC(F)(F)C(F)(F)C(F)(F)C(F)(F)C(F)(F)F
Tetradecafluorohexane,6260,3.796574333,8620,3.935507266,11600,4.064457989,FC(F)(F)C(F)(F)C(F)(F)C(F)(F)C(F)(F)C(F)(F)F
Hexadecafluoroheptane,6120,3.786751422,8410,3.924795996,11300,4.053078443,FC(F)(F)C(F)(F)C(F)(F)C(F)(F)C(F)(F)C(F)(F)C(F)(F)F
Octadecafluorooctane,6010,3.778874472,8260,3.916980047,11100,4.045322979,FC(F)(F)C(F)(F)C(F)(F)C(F)(F)C(F)(F)C(F)(F)C(F)(F)C(F)(F)F
"1,1,2,2,3,3,4,4,4a,5,5,6,6,7,7,8,8,8a-octadecafluoronaphthalene",5480,3.738780558,7480,3.873901598,9780,3.990338855,FC1(F)C(F)(F)C(F)(F)C2(F)C(F)(F)C(F)(F)C(F)(F)C(F)(F)C2(F)C1(F)F
"1,1,2,2-tetrafluoroethene",0.014,-1.853871964,0.004,-2.397940009,0.001,-3,FC(F)=C(F)F
"1,1,2,3,3,3-hexafluoroprop-1-ene",0.324,-0.48945499,0.09,-1.045757491,0.026,-1.585026652,FC(F)=C(F)C(F)(F)F
"1,1,2,3,4,4-hexafluorobuta-1,3-diene",0.014,-1.853871964,0.004,-2.397940009,0.001,-3,FC(F)=C(F)C(F)=C(F)F
Octafluoro-1-butene,0.366,-0.436518915,0.102,-0.991399828,0.029,-1.537602002,FC(F)=C(F)C(F)(F)C(F)(F)F
Octafluoro-2-buene,7.1,0.851258349,1.97,0.294466226,0.562,-0.250263684,F/C(=C(/F)C(F)(F)F)C(F)(F)F
Difluoromethoxy(trifluoro)methane,13500,4.130333768,14300,4.155336037,7680,3.88536122,FC(F)OC(F)(F)F
Difluoromethoxy(difluoro)methane,12700,4.103803721,6630,3.821513528,1940,3.28780173,FC(F)OC(F)F
Trifluoro(methoxy)methane,2170,3.336459734,616,2.789580712,176,2.245512668,COC(F)(F)F
"1,1,1,2-tetrafluoro-2-(trifluoromethoxy)ethane",9800,3.991226076,7520,3.876217841,2570,3.409933123,FC(OC(F)(F)F)C(F)(F)F
"2-chloro-1-(difluoromethoxy)-1,1,2-trifluoroethane",2320,3.365487985,654,2.815577748,186,2.269512944,FC(F)OC(F)(F)C(F)Cl
"2-chloro-2-(difluoromethoxy)-1,1,1-trifluoroethane",1930,3.285557309,539,2.731588765,154,2.187520721,FC(F)OC(Cl)C(F)(F)F
"2-(difluoromethoxy)-1,1,1,2-tetrafluoroethane",7020,3.846337112,2590,3.413299764,741,2.869818208,FC(F)OC(F)C(F)(F)F
"1,1,1-trifluoro-2-(trifluoromethoxy)ethane",3670,3.564666064,1100,3.041392685,315,2.498310554,FC(F)(F)COC(F)(F)F
"1,1,1,2,2-pentafluoro-2-methoxyethane",2630,3.419955748,747,2.873320602,213,2.328379603,COC(F)(F)C(F)(F)F
"1,1-difluoro-2-(trifluoromethoxy)ethane",3170,3.501059262,934,2.970346876,266,2.424881637,FC(F)COC(F)(F)F
"2-(difluoromethoxy)-1,1,1-trifluoroethane",3060,3.485721426,878,2.943494516,251,2.399673721,FC(F)OCC(F)(F)F
"2,2,3,3,3-pentafluoropropan-1-ol",123,2.089905111,34.3,1.53529412,9.78,0.990338855,OCC(F)(F)C(F)(F)F
"1,1,2,2-tetrafluoro-1-methoxyethane",1180,3.071882007,328,2.515873844,93.5,1.970811611,COC(F)(F)C(F)F
"1,1,1-trifluoro-2-methoxyethane",7.43,0.870988814,2.06,0.31386722,0.588,-0.230622674,COCC(F)(F)F
Trifluoromethoxyethane,105,2.021189299,29.2,1.465382851,8.32,0.920123326,CCOC(F)(F)F
"3,3,3-trifluoropropan-1-ol",2.23,0.348304863,0.62,-0.207608311,0.177,-0.752026734,OCCC(F)(F)F
"1,1,1,2,2-pentafluoro-2-(1,1,2,2-tetrafluoroethoxy)ethane",7550,3.877946952,3770,3.57634135,1100,3.041392685,FC(F)C(F)(F)OC(F)(F)C(F)(F)F
"2-(difluoromethoxy)-1,1,1,3,3,3-hexafluoropropane",6500,3.812913357,3040,3.482873584,880,2.944482672,FC(F)OC(C(F)(F)F)C(F)(F)F
"1,1,1,2,2-pentafluoro-2-(2,2,2-trifluoroethoxy)ethane",3460,3.539076099,1040,3.017033339,297,2.472756449,FC(F)(F)COC(F)(F)C(F)(F)F
"1,1,1,3,3,3-hexafluoro-2-(fluoromethoxy)propane",702,2.846337112,195,2.290034611,55.7,1.745855195,FCOC(C(F)(F)F)C(F)(F)F
"1,1,1,2,2,3,3-heptafluoro-3-methoxypropane",2020,3.305351369,576,2.760422483,164,2.214843848,COC(F)(F)C(F)(F)C(F)(F)F
"1-(2,2-difluoroethoxy)-1,1,2,2,2-pentafluoroethane",3270,3.514547753,963,2.983626287,275,2.439332694,FC(F)COC(F)(F)C(F)(F)F
"1,1,2,2-tetrafluoro-1-(2,2,2-trifluoroethoxy)ethane",3370,3.527629901,980,2.991226076,279,2.445604203,FC(F)C(F)(F)OCC(F)(F)F
"1,1,1,2,3,3,3-heptafluoro-2-methoxypropane",1400,3.146128036,392,2.593286067,112,2.049218023,COC(F)(C(F)(F)F)C(F)(F)F
"1,1,1,2,3,3-hexafluoro-3-methoxypropane",949,2.977266212,264,2.421603927,75.3,1.876794976,COC(F)(F)C(F)C(F)(F)F
"1,1,1-trifluoro-2-(2,2,2-trifluoroethoxy)ethane",88,1.944482672,24.4,1.387389826,6.97,0.843232778,FC(F)(F)COCC(F)(F)F
"1-(2,2-difluoroethoxy)-1,1,2,2-tetrafluoroethane",2870,3.457881897,831,2.919601024,237,2.374748346,FC(F)COC(F)(F)C(F)F
"3-(difluoromethoxy)-1,1,2,2-tetrafluoropropane",1730,3.238046103,484,2.684845362,138,2.139879086,FC(F)OCC(F)(F)C(F)F
"1,1,2,2,3,3-hexafluoro-1-methoxypropane",995,2.997823081,277,2.442479769,79,1.897627091,COC(F)(F)C(F)(F)C(F)F
"1,1,1,3,3,3-hexafluoro-2-methoxypropane",29.3,1.46686762,8.13,0.910090546,2.32,0.365487985,COC(C(F)(F)F)C(F)(F)F
"1,1,1,2,2-pentafluoro-3-methoxypropane",5.77,0.761175813,1.6,0.204119983,0.457,-0.3400838,COCC(F)(F)C(F)(F)F
"1-ethoxy-1,1,2,2-tetrafluoroethane",45,1.653212514,12.5,1.096910013,3.56,0.551449998,CCOC(F)(F)C(F)F
"4,4,4-trifluorobutan-1-ol",0.178,-0.749579998,0.049,-1.30980392,0.014,-1.853871964,OCCCC(F)(F)F
"2,2,3,3,4,4,5,5-octafluorocyclopentan-1-ol",49.1,1.691081492,13.6,1.133538908,3.89,0.589949601,OC1C(F)(F)C(F)(F)C(F)(F)C1(F)F
"1-(difluoromethoxy)-2-[difluoromethoxy(difluoro)methoxy]-1,1,2,2-tetrafluoroethane",8720,3.940516485,3220,3.507855872,920,2.963787827,FC(F)OC(F)(F)OC(F)(F)C(F)(F)OC(F)F
"1,1,1,2,2,3,3,4,4-nonafluoro-4-methoxybutane",1920,3.283301229,544,2.7355989,155,2.190331698,COC(F)(F)C(F)(F)C(F)(F)C(F)(F)F
"2-(difluoromethoxymethyl)-1,1,1,2,3,3,3-heptafluoropropane",1540,3.187520721,437,2.640481437,124,2.093421685,COC(F)(F)C(F)(C(F)(F)F)C(F)(F)F
"1-ethoxy-1,1,2,2,3,3,4,4,4-nonafluorobutane",219,2.340444115,60.7,1.783188691,17.3,1.238046103,CCOC(F)(F)C(F)(F)C(F)(F)C(F)(F)F
"1-ethoxy-1,1,2,3,3,3-hexafluoro-2-(trifluoromethyl)propane",124,2.093421685,34.3,1.53529412,9.78,0.990338855,CCOC(F)(F)C(F)(C(F)(F)F)C(F)(F)F
"1,1,1,2,2,3,4,5,5,5-decafluoro-3-methoxy-4-(trifluoromethyl)pentane",1420,3.152288344,405,2.607455023,115,2.06069784,COC(F)(C(F)(F)C(F)(F)F)C(F)(C(F)(F)F)C(F)(F)F
"4-ethoxy-1,1,1,2,2,3,3,4,5,6,6,6-dodecafluoro-5-(trifluoromethyl)hexane",47,1.672097858,13,1.113943352,3.72,0.57054294,CCOC(F)(C(F)(F)C(F)(F)C(F)(F)F)C(F)(C(F)(F)F)C(F)(F)F
Bis(difluoromethoxy)-difluoromethane,11700,4.068185862,6060,3.782472624,1770,3.247973266,FC(F)OC(F)(F)OC(F)F
"1,2-bis(difluoromethoxy)-1,1,2,2-tetrafluoroethane",9180,3.962842681,3320,3.521138084,948,2.976808337,FC(F)OC(F)(F)C(F)(F)OC(F)F
"1,1,1,3,3,3-hexafluoropropan-2-ol",742,2.870403905,206,2.31386722,58.8,1.769377326,OC(C(F)(F)F)C(F)(F)F
"1-(difluoromethoxy)-2-[2-(difluoromethoxy)-1,1,2,2-tetrafluoroethoxy]-1,1,2,2-tetrafluoroethane",11000,4.041392685,5730,3.758154622,1680,3.225309282,FC(F)OC(F)(F)C(F)(F)OC(F)(F)C(F)(F)OC(F)F
"1,1,3,3,4,4,6,6,7,7,9,9,10,10,12,12-hexadecafluoro-2,5,8,11-tetraoxadodecane",10300,4.012837225,5350,3.728353782,1570,3.195899652,FC(F)OC(F)(F)C(F)(F)OC(F)(F)C(F)(F)OC(F)(F)C(F)(F)OC(F)F
"2-ethenoxy-1,1,1-trifluoroethane",0.207,-0.684029655,0.058,-1.236572006,0.016,-1.795880017,C=COCC(F)(F)F
"2-ethoxy-3,3,4,4,5-pentafluorotetrahydro-2,5-bis[1,2,2,2-tetrafluoro-1-(trifluoromethyl)ethyl]-furan",175,2.243038049,48.7,1.687528961,13.9,1.1430148,CCOC1(C(F)(C(F)(F)F)C(F)(F)F)OC(F)(C(F)(C(F)(F)F)C(F)(F)F)C(F)(F)C1(F)F
Difluoro(methoxy)methane,491,2.691081492,136,2.133538908,38.9,1.589949601,COC(F)F
"1,1,2,2-tetrafluoro-1,2-dimethoxyethane",727,2.861534411,202,2.305351369,57.7,1.761175813,COC(F)(F)C(F)(F)OC
"1,1,2,2-Tetrafluoro-1-methoxyethane",823,2.915399835,229,2.359835482,65.3,1.814913181,COC(F)(F)C(F)(F)OC(F)(F)C(F)(F)OC
"1,1,2,2-tetrafluoro-1-methoxy-2-[1,1,2,2-tetrafluoro-2-(1,1,2,2-tetrafluoro-2-methoxyethoxy)ethoxy]ethane",789,2.897077003,219,2.340444115,62.5,1.795880017,COC(F)(F)C(F)(F)OC(F)(F)C(F)(F)OC(F)(F)C(F)(F)OC
"1,1,1,2,3,3-hexafluoro-3-(trifluoromethoxy)propane",7410,3.869818208,4390,3.64246452,1330,3.123851641,FC(C(F)(F)F)C(F)(F)OC(F)(F)F
"3,3,4,4,5,5,6,6,7,7,7-undecafluoroheptan-1-ol",1.92,0.283301229,0.533,-0.273272791,0.152,-0.818156412,OCCC(F)(F)C(F)(F)C(F)(F)C(F)(F)C(F)(F)F
"3,3,4,4,5,5,6,6,7,7,8,8,9,9,9-pentadecafluorononan-1-ol",1.62,0.209515015,0.449,-0.347753659,0.128,-0.89279003,OCCC(F)(F)C(F)(F)C(F)(F)C(F)(F)C(F)(F)C(F)(F)C(F)(F)F
"3,3,4,4,5,5,6,6,7,7,8,8,9,9,10,10,11,11,11-nonadecafluoroundecan-1-ol",0.985,-0.00656377,0.273,-0.563837353,0.078,-1.107905397,OCCC(F)(F)C(F)(F)C(F)(F)C(F)(F)C(F)(F)C(F)(F)C(F)(F)C(F)(F)C(F)(F)F
"2-chloro-1,1,2-trifluoro-1-methoxyethane",488,2.688419822,136,2.133538908,38.7,1.587710965,COC(F)(F)C(F)Cl
"1-[Difluoro(trifluoromethoxy)methoxy]-1,1,2,3,3,3-hexafluoro-2-(trifluoromethoxy)propane",7750,3.889301703,10300,4.012837225,11700,4.068185862,FC(F)(F)OC(F)(F)OC(F)(F)C(F)(OC(F)(F)F)C(F)(F)F
"1,1,2-trifluoro-2-(trifluoromethoxy)ethene",0.037,-1.431798276,0.01,-2,0.003,-2.522878745,FC(F)=C(F)OC(F)(F)F
Perfluoroethyl formate,2130,3.328379603,597,2.775974331,170,2.230448921,O=COC(F)(F)C(F)(F)F
"2,2,2-trifluoroethyl formate",197,2.294466226,54.8,1.738780558,15.6,1.193124598,O=COCC(F)(F)F
"Formic acid;1,1,1,3,3,3-hexafluoropropan-2-ol",964,2.984077034,269,2.42975228,76.7,1.884795364,O=CO.OC(C(F)(F)F)C(F)(F)F
"Ethenyl 2,2,2-trifluoroacetate",0.029,-1.537602002,0.008,-2.096910013,0.002,-2.698970004,C=COC(=O)C(F)(F)F
"Ethyl 2,2,2-trifluoroacetate",5.7,0.755874856,1.58,0.198657087,0.451,-0.345823458,CCOC(=O)C(F)(F)F
"Prop-2-enyl 2,2,2-trifluoroacetate",0.026,-1.585026652,0.007,-2.15490196,0.002,-2.698970004,C=CCOC(=O)C(F)(F)F
"Methyl 2,2,2-trifluoroacetate",296,2.471291711,82.3,1.915399835,23.5,1.371067862,COC(=O)C(F)(F)F
"2,2,3,3,4,4,4-heptafluorobutan-1-ol",131,2.117271296,36.5,1.562292864,10.4,1.017033339,OCC(F)(F)C(F)(F)C(F)(F)F
"1,1,2-trifluoro-2-(trifluoromethoxy)ethane",4010,3.603144373,1260,3.100370545,359,2.555094449,FC(F)C(F)OC(F)(F)F
"1-ethoxy-1,1,2,3,3,3-hexafluoropropane",95.2,1.978636948,26.4,1.421603927,7.54,0.877371346,CCOC(F)(F)C(F)C(F)(F)F
"1,1,1,2,2,3,3-heptafluoro-3-(1,2,2,2-tetrafluoroethoxy)propane",8320,3.920123326,6630,3.821513528,2340,3.369215857,FC(OC(F)(F)C(F)(F)C(F)(F)F)C(F)(F)F
"2,2,3,3-tetrafluoropropan-1-ol",52,1.716003344,14.4,1.158362492,4.12,0.614897216,OCC(F)(F)C(F)F
"2,2,3,4,4,4-hexafluorobutan-1-ol",110,2.041392685,30.5,1.484299839,8.69,0.939019776,OCC(F)(F)C(F)C(F)(F)F
"1,1,2,2-tetrafluoro-3-methoxypropane",6.03,0.780317312,1.68,0.225309282,0.478,-0.320572103,COCC(F)(F)C(F)F
"1,1,1,2,2,4,5,5,5-nonafluoro-4-(trifluoromethyl)pentan-3-one",0.411,-0.386158178,0.114,-0.943095149,0.033,-1.48148606,O=C(C(F)(F)C(F)(F)F)C(F)(C(F)(F)F)C(F)(F)F
"3,3,3-trifluoropropanal",0.091,-1.040958608,0.025,-1.602059991,0.007,-2.15490196,O=CCC(F)(F)F
2-fluoroethanol,1.91,0.281033367,0.53,-0.27572413,0.151,-0.821023053,OCCF
"2,2-difluoroethanol",22.3,1.348304863,6.18,0.790988475,1.76,0.245512668,OCC(F)F
"2,2,2-trifluoroethanol",129,2.11058971,35.7,1.552668216,10.2,1.008600172,OCC(F)(F)F
,8400,3.924279286,4380,3.641474111,1280,3.10720997,FC(F)OC(F)(F)C(F)(F)OC(F)(F)C(F)(F)OC(F)(F)C(F)(F)OC(F)(F)C(F)(F)OC(F)F
"1,1,1-trifluoropropan-2-one",0.324,-0.48945499,0.09,-1.045757491,0.026,-1.585026652,CC(=O)C(F)(F)F
"1,1,1-trifluorobutan-2-one",0.343,-0.46470588,0.095,-1.022276395,0.027,-1.568636236,CCC(=O)C(F)(F)F
1-chloro-2-ethenoxyethane,0.001,-3,0.0001,-4,0.0001,-4,C=COCCCl
Ethane,1.57,0.195899652,0.437,-0.359518563,0.125,-0.903089987,CC
Propane,0.072,-1.142667504,0.02,-1.698970004,0.006,-2.22184875,CCC
Butane,0.022,-1.657577319,0.006,-2.22184875,0.002,-2.698970004,CCCC
2-methylpentan-3-one,0.719,-0.14327111,0.2,-0.698970004,0.057,-1.244125144,CCC(=O)C(C)C
Ethyl methyl ether,0.035,-1.455931956,0.01,-2,0.003,-2.522878745,CCOC
"2,2,3,3,4,4,5,5-octafluorooxolane",10100,4.004321374,13900,4.1430148,18800,4.274157849,FC1(F)OC(F)(F)C(F)(F)C1(F)F
Crotonaldehyde,0.0001,-4,0.0001,-4,0.0001,-4,C/C=C/C=O
Methyl vinyl ketone,0.001,-3,0.0001,-4,0.0001,-4,C=CC(C)=O
Allyl ether,0.0001,-4,0.0001,-4,0.0001,-4,C=CCOCC=C
Allyl ethyl ether,0.001,-3,0.0001,-4,0.0001,-4,C=CCOCC
(z)-hex-2-en-1-ol,0.009,-2.045757491,0.003,-2.522878745,0.001,-3,CCC/C=C\CO
(e)-hex-2-en-1-ol,0.009,-2.045757491,0.002,-2.698970004,0.001,-3,CCC/C=C/CO
3-butenenitrile,0.002,-2.698970004,0.0001,-4,0.0001,-4,C=CCC#N
Hexamethyldisiloxane,1.72,0.235528447,0.476,-0.322393047,0.136,-0.866461092,C[Si](C)(C)O[Si](C)(C)C
Octamethyltrisiloxane,1.17,0.068185862,0.325,-0.488116639,0.093,-1.031517051,C[Si](C)(C)O[Si](C)(C)O[Si](C)(C)C
Decamethyltetrasiloxane,0.635,-0.197226275,0.176,-0.754487332,0.05,-1.301029996,C[Si](C)(C)O[Si](C)(C)O[Si](C)(C)O[Si](C)(C)C
Dodecamethylpentasiloxane,0.439,-0.35753548,0.122,-0.913640169,0.035,-1.455931956,C[Si](C)(C)O[Si](C)(C)O[Si](C)(C)O[Si](C)(C)O[Si](C)(C)C
Hexamethylcyclotrisiloxane,4.14,0.617000341,1.15,0.06069784,0.328,-0.484126156,C[Si]1(C)O[Si](C)(C)O[Si](C)(C)O1
Octamethylcyclotetrasiloxane,2.66,0.424881637,0.739,-0.131355562,0.211,-0.675717545,C[Si]1(C)O[Si](C)(C)O[Si](C)(C)O[Si](C)(C)O1
Decamethylcyclopentasiloxane,1.04,0.017033339,0.289,-0.539102157,0.082,-1.086186148,C[Si]1(C)O[Si](C)(C)O[Si](C)(C)O[Si](C)(C)O[Si](C)(C)O1
Dodecamethylcyclohexasiloxane,0.51,-0.292429824,0.142,-0.847711656,0.04,-1.397940009,C[Si]1(C)O[Si](C)(C)O[Si](C)(C)O[Si](C)(C)O[Si](C)(C)O[Si](C)(C)O1
Ethene,0.001,-3,0.001,-3,0.001,-3,C=C
Acetylene,0.001,-3,0.001,-3,0.001,-3,C#C
Propene,0.001,-3,0.001,-3,0.001,-3,C=CC
"Isobutane, R-600a",0.001,-3,0.001,-3,0.001,-3,CC(C)C
Isobutene,0.001,-3,0.001,-3,0.001,-3,C=C(C)C
n-pentane,0.001,-3,0.001,-3,0.001,-3,CCCCC
Isopentane,0.001,-3,0.001,-3,0.001,-3,CCC(C)C
Cyclopentane,0.001,-3,0.001,-3,0.001,-3,C1CCCC1
Benzene,0.001,-3,0.001,-3,0.001,-3,c1ccccc1
Toluene,0.001,-3,0.001,-3,0.001,-3,Cc1ccccc1
Formaldehyde,0.001,-3,0.001,-3,0.001,-3,C=O
Ethanol,0.001,-3,0.001,-3,0.001,-3,CCO
Acetaldehyde,0.001,-3,0.001,-3,0.001,-3,CC=O
Methyl formate,46,1.662757832,13,1.113943352,4,0.602059991,COC=O
Acetone,2,0.301029996,0.1,-1,0.1,-1,CC(C)=O
Isopropanol,0.001,-3,0.001,-3,0.001,-3,CC(C)O
Methylal,0.1,-1,0.001,-3,0.001,-3,COCOC
CFC-216ba,8090,3.907948522,8580,3.933487288,4610,3.663700925,FC(F)(F)C(F)(Cl)C(F)(F)Cl
CFC-216ca,7110,3.851869601,7540,3.877371346,4050,3.607455023,FC(F)(Cl)C(F)(F)C(F)(F)Cl
"1,2,3,4-Tetrachlorohexafluoro-_x000D_butane (TCHFB)",5640,3.751279104,4140,3.617000341,1370,3.136720567,FC(F)(Cl)C(F)(Cl)C(F)(Cl)C(F)(F)Cl
HCFC-121a,592,2.772321707,165,2.217483944,47,1.672097858,FC(Cl)C(Cl)(Cl)Cl
HCFC-122b,2440,3.387389826,772,2.8876173,220,2.342422681,FC(F)C(Cl)(Cl)Cl
HCFC-123b,3570,3.552668216,1220,3.086359831,349,2.542825427,FC(F)C(F)(Cl)Cl
HCFC-131,116,2.064457989,32,1.505149978,9,0.954242509,FC(Cl)C(Cl)Cl
HCFC-131a,650,2.812913357,181,2.257678575,52,1.716003344,FC(Cl)(Cl)CCl
HCFC-131b,460,2.662757832,128,2.10720997,36,1.556302501,FCC(Cl)(Cl)Cl
HCFC-132,452,2.655138435,126,2.100370545,36,1.556302501,FC(F)(Cl)CCl
HCFC-133,1070,3.029383778,298,2.474216264,85,1.929418926,FC(F)C(F)Cl
HCFC-133b,2800,3.447158031,834,2.921166051,238,2.376576957,FCC(F)(F)Cl
HCFC-141a,58,1.763427994,16,1.204119983,5,0.698970004,FCC(Cl)Cl
HCFC-142,678,2.831229694,189,2.276461804,54,1.73239376,FC(F)CCl
HCFC-142a,419,2.622214023,116,2.064457989,33,1.51851394,FCC(F)Cl
HCFC-151,42,1.62324929,12,1.079181246,3,0.477121255,FCCCl
HCFC-151a,208,2.318063335,58,1.763427994,16,1.204119983,CC(F)Cl
HCFC-221aa,146,2.164352856,41,1.612783857,12,1.079181246,FC(Cl)(Cl)C(Cl)(Cl)C(Cl)Cl
HCFC-221ab,409,2.611723308,114,2.056904851,32,1.505149978,FC(Cl)C(Cl)(Cl)C(Cl)(Cl)Cl
HCFC-221ba,165,2.217483944,46,1.662757832,13,1.113943352,FC(Cl)(C(Cl)Cl)C(Cl)(Cl)Cl
HCFC-221da,675,2.829303773,189,2.276461804,54,1.73239376,FC(Cl)(Cl)C(Cl)C(Cl)(Cl)Cl
HCFC-221ea,666,2.823474229,186,2.269512944,53,1.72427587,FC(C(Cl)(Cl)Cl)C(Cl)(Cl)Cl
HCFC-222aa,226,2.354108439,63,1.799340549,18,1.255272505,FC(F)(Cl)C(Cl)(Cl)C(Cl)Cl
HCFC-222ab,567,2.753583059,158,2.198657087,45,1.653212514,FC(Cl)C(Cl)(Cl)C(F)(Cl)Cl
HCFC-222ac,1660,3.220108088,525,2.720159303,150,2.176091259,FC(F)C(Cl)(Cl)C(Cl)(Cl)Cl
HCFC-222ba,213,2.328379603,59,1.770852012,17,1.230448921,FC(Cl)(Cl)C(F)(Cl)C(Cl)Cl
HCFC-222bb,576,2.760422483,161,2.206825876,46,1.662757832,FC(Cl)C(F)(Cl)C(Cl)(Cl)Cl
HCFC-222ca,264,2.421603927,73,1.86332286,21,1.322219295,FC(F)(C(Cl)Cl)C(Cl)(Cl)Cl
HCFC-222da,1120,3.049218023,316,2.499687083,90,1.954242509,FC(Cl)(Cl)C(Cl)C(F)(Cl)Cl
HCFC-222db,1080,3.033423755,306,2.485721426,87,1.939519253,FC(F)(Cl)C(Cl)C(Cl)(Cl)Cl
HCFC-222ea,1040,3.017033339,295,2.469822016,84,1.924279286,FC(C(F)(Cl)Cl)C(Cl)(Cl)Cl
HCFC-223aa,217,2.336459734,60,1.77815125,17,1.230448921,FC(F)(F)C(Cl)(Cl)C(Cl)Cl
HCFC-223ab,883,2.945960704,246,2.390935107,70,1.84509804,FC(Cl)C(Cl)(Cl)C(F)(F)Cl
HCFC-223ac,2340,3.369215857,739,2.868644438,211,2.324282455,FC(F)C(Cl)(Cl)C(F)(Cl)Cl
HCFC-223ba,352,2.546542663,98,1.991226076,28,1.447158031,FC(F)(Cl)C(F)(Cl)C(Cl)Cl
HCFC-223bb,741,2.869818208,207,2.315970345,59,1.770852012,FC(Cl)C(F)(Cl)C(F)(Cl)Cl
HCFC-223bc,2200,3.342422681,725,2.860338007,207,2.315970345,FC(F)C(F)(Cl)C(Cl)(Cl)Cl
HCFC-223ca,323,2.509202522,90,1.954242509,26,1.414973348,FC(Cl)(Cl)C(F)(F)C(Cl)Cl
HCFC-223cb,919,2.963315511,258,2.411619706,73,1.86332286,FC(Cl)C(F)(F)C(Cl)(Cl)Cl
HCFC-223da,1880,3.274157849,551,2.741151599,157,2.195899652,FC(F)(Cl)C(Cl)C(F)(Cl)Cl
HCFC-223db,1430,3.155336037,419,2.622214023,119,2.075546961,FC(F)(F)C(Cl)C(Cl)(Cl)Cl
HCFC-223ea,1660,3.220108088,485,2.685741739,138,2.139879086,FC(C(F)(Cl)Cl)C(F)(Cl)Cl
HCFC-223eb,1590,3.201397124,464,2.666517981,132,2.120573931,FC(C(F)(F)Cl)C(Cl)(Cl)Cl
HCFC-224aa,847,2.92788341,236,2.372912003,67,1.826074803,FC(Cl)C(Cl)(Cl)C(F)(F)F
HCFC-224ab,3060,3.485721426,1030,3.012837225,295,2.469822016,FC(F)C(Cl)(Cl)C(F)(F)Cl
HCFC-224ba,324,2.51054501,90,1.954242509,26,1.414973348,FC(F)(F)C(F)(Cl)C(Cl)Cl
HCFC-224bb,1230,3.089905111,344,2.536558443,98,1.991226076,FC(Cl)C(F)(Cl)C(F)(F)Cl
HCFC-224bc,3100,3.491361694,1050,3.021189299,299,2.475671188,FC(F)C(F)(Cl)C(F)(Cl)Cl
HCFC-224ca,509,2.706717782,142,2.152288344,40,1.602059991,FC(F)(Cl)C(F)(F)C(Cl)Cl
HCFC-224cb,419,2.622214023,116,2.064457989,33,1.51851394,FC(Cl)C(F)(F)C(F)(Cl)Cl
HCFC-224cc,3350,3.525044807,1180,3.071882007,336,2.526339277,FC(F)C(F)(F)C(Cl)(Cl)Cl
HCFC-224da,3310,3.519827994,1090,3.037426498,310,2.491361694,FC(F)(Cl)C(Cl)C(F)(F)Cl
HCFC-224db,2550,3.40654018,811,2.909020854,231,2.36361198,FC(F)(F)C(Cl)C(F)(Cl)Cl
HCFC-224ea,2710,3.432969291,856,2.932473765,244,2.387389826,FC(C(F)(F)Cl)C(F)(Cl)Cl
HCFC-224eb,2020,3.305351369,633,2.80140371,180,2.255272505,FC(C(F)(F)F)C(Cl)(Cl)Cl
HCFC-225aa,3030,3.481442629,1040,3.017033339,296,2.471291711,FC(F)C(Cl)(Cl)C(F)(F)F
HCFC-225ba,1250,3.096910013,350,2.544068044,100,2,FC(Cl)C(F)(Cl)C(F)(F)F
HCFC-225bb,4210,3.624282096,1650,3.217483944,472,2.673941999,FC(F)C(F)(Cl)C(F)(F)Cl
HCFC-225cc,4280,3.631443769,1580,3.198657087,452,2.655138435,FC(F)C(F)(F)C(F)(Cl)Cl
HCFC-225da,4090,3.611723308,1620,3.209515015,463,2.665580991,FC(F)(F)C(Cl)C(F)(F)Cl
HCFC-225ea,4430,3.646403726,1700,3.230448921,486,2.686636269,FC(C(F)(F)Cl)C(F)(F)Cl
HCFC-225eb,3500,3.544068044,1270,3.103803721,362,2.558708571,FC(C(F)(F)F)C(F)(Cl)Cl
HCFC-226ba,4040,3.606381365,1630,3.212187604,468,2.670245853,FC(F)C(F)(Cl)C(F)(F)F
HCFC-226ca,1780,3.250420002,509,2.706717782,145,2.161368002,FC(Cl)C(F)(F)C(F)(F)F
HCFC-226cb,5680,3.754348336,2610,3.416640507,753,2.876794976,FC(F)(F)C(Cl)C(F)(F)F
HCFC-226da,4960,3.695481676,2630,3.419955748,774,2.888740961,FC(C(F)(F)F)C(F)(F)Cl
HCFC-231aa,101,2.004321374,28,1.447158031,8,0.903089987,FC(Cl)C(Cl)(Cl)C(Cl)Cl
HCFC-231ab,285,2.45484486,79,1.897627091,23,1.361727836,FC(Cl)(Cl)C(Cl)(Cl)CCl
HCFC-231ac,351,2.545307116,98,1.991226076,28,1.447158031,FCC(Cl)(Cl)C(Cl)(Cl)Cl
HCFC-231ba,64,1.806179974,18,1.255272505,5,0.698970004,FC(Cl)(C(Cl)Cl)C(Cl)Cl
HCFC-231bb,405,2.607455023,113,2.053078443,32,1.505149978,FC(Cl)(CCl)C(Cl)(Cl)Cl
HCFC-231da,72,1.857332496,20,1.301029996,6,0.77815125,FC(Cl)(Cl)C(Cl)C(Cl)Cl
HCFC-231db,187,2.271841607,52,1.716003344,15,1.176091259,FC(Cl)C(Cl)C(Cl)(Cl)Cl
HCFC-231ea,100,2,28,1.447158031,8,0.903089987,FC(C(Cl)Cl)C(Cl)(Cl)Cl
HCFC-231fa,1180,3.071882007,344,2.536558443,98,1.991226076,FC(Cl)(Cl)CC(Cl)(Cl)Cl
HCFC-232aa,309,2.489958479,86,1.934498451,24,1.380211242,FC(Cl)C(Cl)(Cl)C(F)Cl
HCFC-232ab,157,2.195899652,44,1.643452676,12,1.079181246,FC(F)C(Cl)(Cl)C(Cl)Cl
HCFC-232ac,608,2.783903579,169,2.227886705,48,1.681241237,FC(F)(Cl)C(Cl)(Cl)CCl
HCFC-232ad,526,2.720985744,146,2.164352856,42,1.62324929,FCC(Cl)(Cl)C(F)(Cl)Cl
HCFC-232ba,171,2.23299611,48,1.681241237,14,1.146128036,FC(Cl)C(F)(Cl)C(Cl)Cl
HCFC-232bb,605,2.781755375,168,2.225309282,48,1.681241237,FC(Cl)(Cl)C(F)(Cl)CCl
HCFC-232ca,98,1.991226076,27,1.431363764,8,0.903089987,FC(F)(C(Cl)Cl)C(Cl)Cl
HCFC-232cb,987,2.994317153,278,2.444044796,79,1.897627091,FC(F)(CCl)C(Cl)(Cl)Cl
HCFC-232da,156,2.193124598,43,1.633468456,12,1.079181246,FC(F)(Cl)C(Cl)C(Cl)Cl
HCFC-232db,321,2.506505032,89,1.949390007,25,1.397940009,FC(Cl)C(Cl)C(F)(Cl)Cl
HCFC-232dc,556,2.745074792,155,2.190331698,44,1.643452676,FC(F)C(Cl)C(Cl)(Cl)Cl
HCFC-232ea,146,2.164352856,41,1.612783857,12,1.079181246,FC(C(Cl)Cl)C(F)(Cl)Cl
HCFC-232eb,395,2.596597096,110,2.041392685,31,1.491361694,FC(Cl)C(F)C(Cl)(Cl)Cl
HCFC-232fa,2280,3.357934847,722,2.858537198,206,2.31386722,FC(Cl)(Cl)CC(F)(Cl)Cl
HCFC-232fb,2260,3.354108439,736,2.866877814,210,2.322219295,FC(F)(Cl)CC(Cl)(Cl)Cl
HCFC-233aa,569,2.755112266,158,2.198657087,45,1.653212514,FC(F)C(Cl)(Cl)C(F)Cl
HCFC-233ab,587,2.768638101,163,2.212187604,47,1.672097858,FC(F)(F)CC(Cl)(Cl)Cl
HCFC-233ac,1090,3.037426498,306,2.485721426,87,1.939519253,FCC(Cl)(Cl)C(F)(F)Cl
HCFC-233ba,497,2.696356389,138,2.139879086,39,1.591064607,FC(Cl)C(F)(Cl)C(F)Cl
HCFC-233bb,254,2.404833717,71,1.851258349,20,1.301029996,FC(F)C(F)(Cl)C(Cl)Cl
HCFC-233bc,1410,3.149219113,399,2.600972896,114,2.056904851,FC(F)(Cl)C(F)(Cl)CCl
HCFC-233bd,1100,3.041392685,307,2.487138375,88,1.944482672,FCC(F)(Cl)C(F)(Cl)Cl
HCFC-233ca,257,2.409933123,71,1.851258349,20,1.301029996,FC(Cl)C(F)(F)C(Cl)Cl
HCFC-233cb,1320,3.120573931,372,2.57054294,106,2.025305865,FC(Cl)(Cl)C(F)(F)CCl
HCFC-233cc,1720,3.235528447,501,2.699837726,143,2.155336037,FCC(F)(F)C(Cl)(Cl)Cl
HCFC-233da,152,2.181843588,42,1.62324929,12,1.079181246,FC(F)(F)C(Cl)C(Cl)Cl
HCFC-233db,654,2.815577748,182,2.260071388,52,1.716003344,FC(Cl)C(Cl)C(F)(F)Cl
HCFC-233dc,1010,3.004321374,282,2.450249108,80,1.903089987,FC(F)C(Cl)C(F)(Cl)Cl
HCFC-233ea,207,2.315970345,57,1.755874856,16,1.204119983,FC(C(Cl)Cl)C(F)(F)Cl
HCFC-233eb,593,2.773054693,165,2.217483944,47,1.672097858,FC(Cl)C(F)C(F)(Cl)Cl
HCFC-233ec,1120,3.049218023,314,2.496929648,90,1.954242509,FC(F)C(F)C(Cl)(Cl)Cl
HCFC-233fa,4170,3.620136055,1610,3.206825876,459,2.661812686,FC(F)(Cl)CC(F)(Cl)Cl
HCFC-234aa,1590,3.201397124,464,2.666517981,132,2.120573931,FC(F)C(Cl)(Cl)C(F)F
HCFC-234ab,1040,3.017033339,291,2.463892989,83,1.919078092,FCC(Cl)(Cl)C(F)(F)F
HCFC-234ba,930,2.968482949,260,2.414973348,74,1.86923172,FC(F)C(F)(Cl)C(F)Cl
HCFC-234bb,1330,3.123851641,376,2.575187845,107,2.029383778,FC(F)(F)C(F)(Cl)CCl
HCFC-234bc,2340,3.369215857,695,2.841984805,198,2.29666519,FCC(F)(Cl)C(F)(F)Cl
HCFC-234ca,716,2.854913022,199,2.298853076,57,1.755874856,FC(Cl)C(F)(F)C(F)Cl
HCFC-234cb,417,2.620136055,116,2.064457989,33,1.51851394,FC(F)C(F)(F)C(Cl)Cl
HCFC-234cc,2830,3.451786436,900,2.954242509,257,2.409933123,FC(F)(Cl)C(F)(F)CCl
HCFC-234cd,2260,3.354108439,665,2.822821645,190,2.278753601,FCC(F)(F)C(F)(Cl)Cl
HCFC-234da,705,2.848189117,196,2.292256071,56,1.748188027,FC(Cl)C(Cl)C(F)(F)F
HCFC-234db,1910,3.281033367,550,2.740362689,157,2.195899652,FC(F)C(Cl)C(F)(F)Cl
HCFC-234ea,220,2.342422681,61,1.785329835,17,1.230448921,FC(C(Cl)Cl)C(F)(F)F
HCFC-234eb,876,2.942504106,244,2.387389826,70,1.84509804,FC(Cl)C(F)C(F)(F)Cl
HCFC-234ec,1830,3.26245109,522,2.717670503,149,2.173186268,FC(F)C(F)C(F)(Cl)Cl
HCFC-234fa,6540,3.815577748,3700,3.568201724,1100,3.041392685,FC(F)(Cl)CC(F)(F)Cl
HCFC-234fb,5290,3.723455672,3310,3.519827994,1020,3.008600172,FC(F)(F)CC(F)(Cl)Cl
HCFC-235ba,2490,3.396199347,777,2.890421019,222,2.346352974,FC(F)C(F)(Cl)C(F)F
HCFC-235bb,2280,3.357934847,681,2.833147112,194,2.28780173,FCC(F)(Cl)C(F)(F)F
HCFC-235ca,2550,3.40654018,820,2.913813852,234,2.369215857,FC(F)C(Cl)C(F)(F)F
HCFC-235cb,1450,3.161368002,410,2.612783857,117,2.068185862,FC(F)(F)C(F)(F)CCl
HCFC-235cc,4220,3.625312451,1560,3.193124598,447,2.650307523,FC(F)C(F)(F)C(F)Cl
HCFC-235da,2280,3.357934847,687,2.836956737,196,2.292256071,FC(Cl)C(F)C(F)(F)F
HCFC-235eb,1230,3.089905111,342,2.534026106,98,1.991226076,FC(F)C(F)C(F)(F)Cl
HCFC-235fa,7250,3.860338007,5880,3.769377326,2110,3.324282455,FCC(F)(F)C(F)(F)Cl
HCFC-241aa,190,2.278753601,53,1.72427587,15,1.176091259,FC(Cl)C(Cl)(Cl)CCl
HCFC-241ab,84,1.924279286,23,1.361727836,7,0.84509804,FCC(Cl)(Cl)C(Cl)Cl
HCFC-241ac,1130,3.053078443,321,2.506505032,92,1.963787827,CC(Cl)(Cl)C(F)(Cl)Cl
HCFC-241ba,112,2.049218023,31,1.491361694,9,0.954242509,FC(Cl)(CCl)C(Cl)Cl
HCFC-241bb,1590,3.201397124,480,2.681241237,137,2.136720567,CC(F)(Cl)C(Cl)(Cl)Cl
HCFC-241da,65,1.812913357,18,1.255272505,5,0.698970004,FC(Cl)C(Cl)C(Cl)Cl
HCFC-241db,73,1.86332286,20,1.301029996,6,0.77815125,FC(Cl)(Cl)C(Cl)CCl
HCFC-241dc,100,2,28,1.447158031,8,0.903089987,FCC(Cl)C(Cl)(Cl)Cl
HCFC-241ea,39,1.591064607,11,1.041392685,3,0.477121255,FC(C(Cl)Cl)C(Cl)Cl
HCFC-241eb,150,2.176091259,42,1.62324929,12,1.079181246,FC(CCl)C(Cl)(Cl)Cl
HCFC-241fa,69,1.838849091,19,1.278753601,5,0.698970004,FC(Cl)(Cl)CC(Cl)Cl
HCFC-241fb,252,2.401400541,70,1.84509804,20,1.301029996,FC(Cl)CC(Cl)(Cl)Cl
HCFC-242aa,355,2.550228353,99,1.995635195,28,1.447158031,FC(F)C(Cl)(Cl)CCl
HCFC-242ab,296,2.471291711,82,1.913813852,23,1.361727836,FCC(Cl)(Cl)C(F)Cl
HCFC-242ac,2150,3.33243846,658,2.818225894,188,2.274157849,CC(Cl)(Cl)C(F)(F)Cl
HCFC-242ba,387,2.587710965,108,2.033423755,31,1.491361694,FC(Cl)C(F)(Cl)CCl
HCFC-242bb,177,2.247973266,49,1.69019608,14,1.146128036,FCC(F)(Cl)C(Cl)Cl
HCFC-242bc,2300,3.361727836,702,2.846337112,200,2.301029996,CC(F)(Cl)C(F)(Cl)Cl
HCFC-242ca,200,2.301029996,55,1.740362689,16,1.204119983,FC(F)(CCl)C(Cl)Cl
HCFC-242cb,3180,3.50242712,1110,3.045322979,316,2.499687083,CC(F)(F)C(Cl)(Cl)Cl
HCFC-242da,243,2.385606274,68,1.832508913,19,1.278753601,FC(Cl)C(Cl)C(F)Cl
HCFC-242db,111,2.045322979,31,1.491361694,9,0.954242509,FC(F)C(Cl)C(Cl)Cl
HCFC-242dc,259,2.413299764,72,1.857332496,21,1.322219295,FC(F)(Cl)C(Cl)CCl
HCFC-242dd,168,2.225309282,47,1.672097858,13,1.113943352,FCC(Cl)C(F)(Cl)Cl
HCFC-242ea,111,2.045322979,31,1.491361694,9,0.954242509,FC(Cl)C(F)C(Cl)Cl
HCFC-242eb,261,2.416640507,73,1.86332286,21,1.322219295,FC(CCl)C(F)(Cl)Cl
HCFC-242ec,378,2.5774918,105,2.021189299,30,1.477121255,FCC(F)C(Cl)(Cl)Cl
HCFC-242fa,142,2.152288344,40,1.602059991,11,1.041392685,FC(F)(Cl)CC(Cl)Cl
HCFC-242fb,408,2.610660163,113,2.053078443,32,1.505149978,FC(Cl)CC(F)(Cl)Cl
HCFC-242fc,1020,3.008600172,287,2.457881897,82,1.913813852,FC(F)CC(Cl)(Cl)Cl
HCFC-243aa,647,2.810904281,180,2.255272505,51,1.707570176,FCC(Cl)(Cl)C(F)F
HCFC-243ab,2200,3.342422681,677,2.830588669,193,2.285557309,CC(Cl)(Cl)C(F)(F)F
HCFC-243ba,753,2.876794976,211,2.324282455,60,1.77815125,FC(F)C(F)(Cl)CCl
HCFC-243bb,597,2.775974331,166,2.220108088,47,1.672097858,FCC(F)(Cl)C(F)Cl
HCFC-243bc,4170,3.620136055,1620,3.209515015,462,2.664641976,CC(F)(Cl)C(F)(F)Cl
HCFC-243ca,763,2.882524538,213,2.328379603,61,1.785329835,FC(Cl)C(F)(F)CCl
HCFC-243cb,304,2.482873584,85,1.929418926,24,1.380211242,FCC(F)(F)C(Cl)Cl
HCFC-243cc,4920,3.691965103,2060,3.31386722,591,2.771587481,CC(F)(F)C(F)(Cl)Cl
HCFC-243da,450,2.653212514,125,2.096910013,36,1.556302501,FC(F)(F)C(Cl)CCl
HCFC-243dc,580,2.763427994,161,2.206825876,46,1.662757832,FCC(Cl)C(F)(F)Cl
HCFC-243ea,379,2.57863921,105,2.021189299,30,1.477121255,FC(Cl)C(F)C(F)Cl
HCFC-243eb,179,2.252853031,50,1.698970004,14,1.146128036,FC(F)C(F)C(Cl)Cl
HCFC-243ec,430,2.633468456,119,2.075546961,34,1.531478917,FC(CCl)C(F)(F)Cl
HCFC-243ed,609,2.784617293,169,2.227886705,48,1.681241237,FCC(F)C(F)(Cl)Cl
HCFC-243fa,137,2.136720567,38,1.579783597,11,1.041392685,FC(F)(F)CC(Cl)Cl
HCFC-243fb,733,2.865103975,204,2.309630167,58,1.763427994,FC(Cl)CC(F)(F)Cl
HCFC-243fc,1840,3.264817823,524,2.719331287,150,2.176091259,FC(F)CC(F)(Cl)Cl
HCFC-244ba,1360,3.133538908,388,2.588831726,111,2.045322979,FCC(F)(Cl)C(F)F
HCFC-244bb,4420,3.645422269,1770,3.247973266,505,2.703291378,CC(F)(Cl)C(F)(F)F
HCFC-244ca,1670,3.222716471,487,2.687528961,139,2.1430148,FC(F)C(F)(F)CCl
HCFC-244cb,1120,3.049218023,315,2.498310554,90,1.954242509,FCC(F)(F)C(F)Cl
HCFC-244cc,6370,3.804139432,3620,3.558708571,1080,3.033423755,CC(F)(F)C(F)(F)Cl
HCFC-244da,1120,3.049218023,313,2.495544338,89,1.949390007,FC(F)C(Cl)C(F)F
HCFC-244db,634,2.802089258,177,2.247973266,50,1.698970004,FCC(Cl)C(F)(F)F
HCFC-244ea,723,2.859138297,201,2.303196057,57,1.755874856,FC(F)C(F)C(F)Cl
HCFC-244eb,494,2.693726949,137,2.136720567,39,1.591064607,FC(CCl)C(F)(F)F
HCFC-244ec,1020,3.008600172,284,2.45331834,81,1.908485019,FCC(F)C(F)(F)Cl
HCFC-244fa,708,2.850033258,197,2.294466226,56,1.748188027,FC(Cl)CC(F)(F)F
HCFC-244fb,3220,3.507855872,976,2.989449818,278,2.444044796,FC(F)CC(F)(F)Cl
HCFC-251aa,131,2.117271296,36,1.556302501,10,1,FCC(Cl)(Cl)CCl
HCFC-251ab,266,2.424881637,74,1.86923172,21,1.322219295,CC(Cl)(Cl)C(F)Cl
HCFC-251ba,180,2.255272505,50,1.698970004,14,1.146128036,FC(Cl)(CCl)CCl
HCFC-251bb,158,2.198657087,44,1.643452676,13,1.113943352,CC(F)(Cl)C(Cl)Cl
HCFC-251da,80,1.903089987,22,1.342422681,6,0.77815125,FC(Cl)C(Cl)CCl
HCFC-251db,35,1.544068044,10,1,3,0.477121255,FCC(Cl)C(Cl)Cl
HCFC-251dc,89,1.949390007,25,1.397940009,7,0.84509804,CC(Cl)C(F)(Cl)Cl
HCFC-251ea,52,1.716003344,14,1.146128036,4,0.602059991,FC(CCl)C(Cl)Cl
HCFC-251eb,129,2.11058971,36,1.556302501,10,1,CC(F)C(Cl)(Cl)Cl
HCFC-251fa,34,1.531478917,10,1,3,0.477121255,FC(Cl)CC(Cl)Cl
HCFC-251fb,67,1.826074803,19,1.278753601,5,0.698970004,FC(Cl)(Cl)CCCl
HCFC-251fc,93,1.968482949,26,1.414973348,7,0.84509804,FCCC(Cl)(Cl)Cl
HCFC-252aa,305,2.484299839,85,1.929418926,24,1.380211242,FCC(Cl)(Cl)CF
HCFC-252ab,1040,3.017033339,294,2.46834733,84,1.924279286,CC(Cl)(Cl)C(F)F
HCFC-252ba,340,2.531478917,95,1.977723605,27,1.431363764,FCC(F)(Cl)CCl
HCFC-252bb,668,2.824776462,186,2.269512944,53,1.72427587,CC(F)(Cl)C(F)Cl
HCFC-252ca,488,2.688419822,136,2.133538908,39,1.591064607,FC(F)(CCl)CCl
HCFC-252cb,278,2.444044796,77,1.886490725,22,1.342422681,CC(F)(F)C(Cl)Cl
HCFC-252da,142,2.152288344,40,1.602059991,11,1.041392685,FC(F)C(Cl)CCl
HCFC-252db,180,2.255272505,50,1.698970004,14,1.146128036,FCC(Cl)C(F)Cl
HCFC-252dc,181,2.257678575,50,1.698970004,14,1.146128036,CC(Cl)C(F)(F)Cl
HCFC-252ea,179,2.252853031,50,1.698970004,14,1.146128036,FC(Cl)C(F)CCl
HCFC-252eb,93,1.968482949,26,1.414973348,7,0.84509804,FCC(F)C(Cl)Cl
HCFC-252ec,233,2.367355921,65,1.812913357,18,1.255272505,CC(F)C(F)(Cl)Cl
HCFC-252fa,255,2.40654018,71,1.851258349,20,1.301029996,FC(Cl)CC(F)Cl
HCFC-252fb,118,2.071882007,33,1.51851394,9,0.954242509,FC(F)CC(Cl)Cl
HCFC-252fc,223,2.348304863,62,1.792391689,18,1.255272505,FC(F)(Cl)CCCl
HCFC-252fd,172,2.235528447,48,1.681241237,14,1.146128036,FCCC(F)(Cl)Cl
HCFC-253ba,831,2.919601024,233,2.367355921,66,1.819543936,FCC(F)(Cl)CF
HCFC-253bb,2380,3.376576957,722,2.858537198,206,2.31386722,CC(F)(Cl)C(F)F
HCFC-253ca,1010,3.004321374,285,2.45484486,81,1.908485019,FCC(F)(F)CCl
HCFC-253cb,1140,3.056904851,319,2.503790683,91,1.959041392,CC(F)(F)C(F)Cl
HCFC-253da,348,2.541579244,97,1.986771734,28,1.447158031,FCC(Cl)C(F)F
HCFC-253db,222,2.346352974,62,1.792391689,18,1.255272505,CC(Cl)C(F)(F)F
HCFC-253ea,292,2.465382851,81,1.908485019,23,1.361727836,FC(F)C(F)CCl
HCFC-253eb,334,2.523746467,93,1.968482949,26,1.414973348,FCC(F)C(F)Cl
HCFC-253ec,368,2.565847819,102,2.008600172,29,1.462397998,CC(F)C(F)(F)Cl
HCFC-253fa,566,2.752816431,157,2.195899652,45,1.653212514,FC(F)CC(F)Cl
HCFC-253fb,234,2.369215857,65,1.812913357,19,1.278753601,FC(F)(F)CCCl
HCFC-253fc,514,2.710963119,143,2.155336037,41,1.612783857,FCCC(F)(F)Cl
HCFC-261aa,133,2.123851641,37,1.568201724,11,1.041392685,CC(Cl)(Cl)CF
HCFC-261ba,324,2.51054501,90,1.954242509,26,1.414973348,CC(F)(Cl)CCl
HCFC-261da,26,1.414973348,7,0.84509804,2,0.301029996,FCC(Cl)CCl
HCFC-261db,51,1.707570176,14,1.146128036,4,0.602059991,CC(Cl)C(F)Cl
HCFC-261ea,46,1.662757832,13,1.113943352,4,0.602059991,FC(CCl)CCl
HCFC-261eb,34,1.531478917,9,0.954242509,3,0.477121255,CC(F)C(Cl)Cl
HCFC-261fa,76,1.880813592,21,1.322219295,6,0.77815125,FC(Cl)CCCl
HCFC-261fb,33,1.51851394,9,0.954242509,3,0.477121255,FCCC(Cl)Cl
HCFC-261fc,152,2.181843588,42,1.62324929,12,1.079181246,CCC(F)(Cl)Cl
HCFC-262ba,867,2.938019097,242,2.383815366,69,1.838849091,CC(F)(Cl)CF
HCFC-262ca,767,2.884795364,214,2.330413773,61,1.785329835,CC(F)(F)CCl
HCFC-262da,104,2.017033339,29,1.462397998,8,0.903089987,FCC(Cl)CF
HCFC-262db,106,2.025305865,29,1.462397998,8,0.903089987,CC(Cl)C(F)F
HCFC-262ea,111,2.045322979,31,1.491361694,9,0.954242509,FCC(F)CCl
HCFC-262eb,133,2.123851641,37,1.568201724,11,1.041392685,CC(F)C(F)Cl
HCFC-262fa,143,2.155336037,40,1.602059991,11,1.041392685,FC(F)CCCl
HCFC-262fb,175,2.243038049,49,1.69019608,14,1.146128036,FCCC(F)Cl
HCFC-262fc,415,2.618048097,115,2.06069784,33,1.51851394,CCC(F)(F)Cl
HCFC-271ba,1270,3.103803721,362,2.558708571,103,2.012837225,CC(C)(F)Cl
HCFC-271da,16,1.204119983,4,0.602059991,1,0,CC(Cl)CF
HCFC-271ea,24,1.380211242,7,0.84509804,2,0.301029996,CC(F)CCl
HCFC-271fa,23,1.361727836,6,0.77815125,2,0.301029996,FCCCCl
HCFC-271fb,78,1.892094603,22,1.342422681,6,0.77815125,CCC(F)Cl
HFC-236ca,4500,3.653212514,1520,3.181843588,435,2.638489257,FC(F)C(F)(F)C(F)F
HFC-254ca,782,2.893206753,218,2.338456494,62,1.792391689,FCC(F)(F)CF
HFC-254cb,3830,3.583198774,1270,3.103803721,363,2.559906625,CC(F)(F)C(F)F
HFC-254ea,673,2.828015064,187,2.271841607,53,1.72427587,FCC(F)C(F)F
HFC-254eb,836,2.922206277,233,2.367355921,66,1.819543936,CC(F)C(F)(F)F
HFC-254fa,1920,3.283301229,538,2.730782276,154,2.187520721,FC(F)CC(F)F
HFC-254fb,422,2.625312451,117,2.068185862,33,1.51851394,FCCC(F)(F)F
HFC-263ca,1230,3.089905111,344,2.536558443,98,1.991226076,CC(F)(F)CF
HFC-263ea,86,1.934498451,24,1.380211242,7,0.84509804,FCC(F)CF
HFC-263eb,304,2.482873584,84,1.924279286,24,1.380211242,CC(F)C(F)F
HFC-263fa,309,2.489958479,86,1.934498451,24,1.380211242,FCCC(F)F
HFC-272ea,61,1.785329835,17,1.230448921,5,0.698970004,CC(F)CF
HFC-272fa,20,1.301029996,6,0.77815125,2,0.301029996,FCCCF
HFC-272fb,146,2.164352856,41,1.612783857,12,1.079181246,CCC(F)F
HFC-281ea,3,0.477121255,0.1,-1,0.1,-1,CC(C)F
HFC-281fa,8,0.903089987,2,0.301029996,0.1,-1,CCCF
HFC-329me,5890,3.770115295,4240,3.627365857,1390,3.1430148,FC(C(F)(F)F)C(F)(F)C(F)(F)F
HFC-338q,3470,3.540329475,1300,3.113943352,372,2.57054294,FCC(F)(F)C(F)(F)C(F)(F)F
HFC-338mce,2930,3.46686762,926,2.966610987,264,2.421603927,FC(F)C(F)C(F)(F)C(F)(F)F
HFC-338mec,3690,3.567026366,1260,3.100370545,360,2.556302501,FC(F)C(F)(F)C(F)C(F)(F)F
HFC-338pcc,4020,3.604226053,1460,3.164352856,417,2.620136055,FC(F)C(F)(F)C(F)(F)C(F)F
HFC-338mf,6790,3.831869774,7720,3.8876173,4950,3.694605199,FC(F)(F)CC(F)(F)C(F)(F)F
HFC-338mee,3900,3.591064607,1320,3.120573931,377,2.57634135,FC(C(F)C(F)(F)F)C(F)(F)F
HFC-347mcc,4910,3.691081492,3060,3.485721426,939,2.972665592,CC(F)(F)C(F)(F)C(F)(F)F
HFC-347mce,999,2.999565488,279,2.445604203,80,1.903089987,FCC(F)C(F)(F)C(F)(F)F
HFC-347mec,1450,3.161368002,406,2.608526034,116,2.064457989,FCC(F)(F)C(F)C(F)(F)F
HFC-347pcc,2920,3.465382851,907,2.957607287,259,2.413299764,FCC(F)(F)C(F)(F)C(F)F
HFC-347mcf,3250,3.511883361,1010,3.004321374,288,2.459392488,FC(F)CC(F)(F)C(F)(F)F
HFC-347mee,1930,3.285557309,549,2.739572344,156,2.193124598,FC(F)C(F)C(F)C(F)(F)F
HFC-347pce,2290,3.359835482,671,2.82672252,191,2.281033367,FC(F)C(F)C(F)(F)C(F)F
HFC-347mfc,4370,3.640481437,1640,3.214843848,469,2.671172843,FC(F)C(F)(F)CC(F)(F)F
HFC-347mef,3250,3.511883361,1010,3.004321374,287,2.457881897,FC(CC(F)(F)F)C(F)(F)F
HFC-356mce,636,2.803457116,177,2.247973266,50,1.698970004,FCCC(F)(F)C(F)(F)F
HFC-356mec,3820,3.582063363,1400,3.146128036,400,2.602059991,CC(F)(F)C(F)C(F)(F)F
HFC-356pcc,3440,3.536558443,1140,3.056904851,326,2.5132176,CC(F)(F)C(F)(F)C(F)F
HFC-356mee,701,2.845718018,195,2.290034611,56,1.748188027,FCC(F)C(F)C(F)(F)F
HFC-356pce,901,2.954724791,251,2.399673721,72,1.857332496,FCC(F)C(F)(F)C(F)F
HFC-356mfc,1710,3.23299611,486,2.686636269,139,2.1430148,FCC(F)(F)CC(F)(F)F
HFC-356pec,921,2.96425963,257,2.409933123,73,1.86332286,FCC(F)(F)C(F)C(F)F
HFC-356mef,1030,3.012837225,288,2.459392488,82,1.913813852,FC(F)CC(F)C(F)(F)F
HFC-356mfe,1160,3.064457989,323,2.509202522,92,1.963787827,FC(F)C(F)CC(F)(F)F
HFC-356pcf,2060,3.31386722,591,2.771587481,168,2.225309282,FC(F)CC(F)(F)C(F)F
HFC-356pee,1140,3.056904851,317,2.501059262,90,1.954242509,FC(F)C(F)C(F)C(F)F
HFC-356mff,3330,3.522444234,1030,3.012837225,294,2.46834733,FC(F)(F)CCC(F)(F)F
HFC-356qcc,2250,3.352182518,669,2.825426118,191,2.281033367,FCC(F)(F)C(F)(F)CF
HFC-365mcf,497,2.696356389,138,2.139879086,39,1.591064607,CCC(F)(F)C(F)(F)F
HFC-365mee,311,2.492760389,86,1.934498451,25,1.397940009,CC(F)C(F)C(F)(F)F
HFC-365pce,1400,3.146128036,394,2.595496222,112,2.049218023,CC(F)C(F)(F)C(F)F
HFC-365pec,1790,3.252853031,512,2.709269961,146,2.164352856,CC(F)(F)C(F)C(F)F
HFC-365qcc,3110,3.492760389,1010,3.004321374,288,2.459392488,CC(F)(F)C(F)(F)CF
HFC-365mef,319,2.503790683,89,1.949390007,25,1.397940009,FCCC(F)C(F)(F)F
HFC-365pcf,367,2.564666064,102,2.008600172,29,1.462397998,FCCC(F)(F)C(F)F
HFC-365mfe,225,2.352182518,62,1.792391689,18,1.255272505,FCC(F)CC(F)(F)F
HFC-365qee,549,2.739572344,153,2.184691431,44,1.643452676,FCC(F)C(F)C(F)F
HFC-365pfc,1090,3.037426498,306,2.485721426,87,1.939519253,FCC(F)(F)CC(F)F
HFC-365qce,543,2.73479983,151,2.178976947,43,1.633468456,FCC(F)C(F)(F)CF
HFC-365mff,1320,3.120573931,368,2.565847819,105,2.021189299,FC(F)CCC(F)(F)F
HFC-365pef,731,2.863917377,203,2.307496038,58,1.763427994,FC(F)CC(F)C(F)F
HFC-374mef,158,2.198657087,44,1.643452676,12,1.079181246,CCC(F)C(F)(F)F
HFC-374mfe,113,2.053078443,32,1.505149978,9,0.954242509,CC(F)CC(F)(F)F
HFC-374mff,29,1.462397998,8,0.903089987,2,0.301029996,FCCCC(F)(F)F
HFC-374pcf,192,2.283301229,53,1.72427587,15,1.176091259,CCC(F)(F)C(F)F
HFC-374pee,204,2.309630167,57,1.755874856,16,1.204119983,CC(F)C(F)C(F)F
HFC-374pef,215,2.33243846,60,1.77815125,17,1.230448921,FCCC(F)C(F)F
HFC-374pfc,976,2.989449818,272,2.434568904,78,1.892094603,CC(F)(F)CC(F)F
HFC-374pfe,167,2.222716471,47,1.672097858,13,1.113943352,FCC(F)CC(F)F
HFC-374qce,395,2.596597096,110,2.041392685,31,1.491361694,CC(F)C(F)(F)CF
HFC-374qec,628,2.797959644,175,2.243038049,50,1.698970004,CC(F)(F)C(F)CF
HFC-374qcf,259,2.413299764,72,1.857332496,20,1.301029996,FCCC(F)(F)CF
HFC-374qee,252,2.401400541,70,1.84509804,20,1.301029996,FCC(F)C(F)CF
HFC-374scc,4690,3.671172843,1930,3.285557309,553,2.742725131,CC(F)(F)C(C)(F)F
HFC-374pff,425,2.62838893,118,2.071882007,34,1.531478917,FC(F)CCC(F)F
HFC-383m,26,1.414973348,7,0.84509804,2,0.301029996,CCCC(F)(F)F
HFC-383pe,91,1.959041392,25,1.397940009,7,0.84509804,CCC(F)C(F)F
HFC-383pfe,89,1.949390007,25,1.397940009,7,0.84509804,CC(F)CC(F)F
HFC-383pff,42,1.62324929,12,1.079181246,3,0.477121255,FCCCC(F)F
HFC-383qcf,277,2.442479769,77,1.886490725,22,1.342422681,CCC(F)(F)CF
HFC-383qee,50,1.698970004,14,1.146128036,4,0.602059991,CC(F)C(F)CF
HFC-383qef,73,1.86332286,20,1.301029996,6,0.77815125,FCCC(F)CF
HFC-383qfc,250,2.397940009,69,1.838849091,20,1.301029996,CC(F)(F)CCF
HFC-383sce,295,2.469822016,82,1.913813852,23,1.361727836,CC(F)C(C)(F)F
HFC-392pff,14,1.146128036,4,0.602059991,1,0,CCCC(F)F
HFC-392qef,26,1.414973348,7,0.84509804,2,0.301029996,CCC(F)CF
HFC-392qfe,34,1.531478917,9,0.954242509,3,0.477121255,CC(F)CCF
HFC-392qff,7,0.84509804,2,0.301029996,0.1,-1,FCCCCF
HFC-392scf,159,2.201397124,44,1.643452676,13,1.113943352,CCC(C)(F)F
HFC-392see,31,1.491361694,9,0.954242509,2,0.301029996,CC(F)C(C)F
HFC-3-10-1q,3,0.477121255,0.1,-1,0.1,-1,CCCCF
HFC-3-10-1se,4,0.602059991,1,0,0.1,-1,CCC(C)F
HFC-b-329my,4530,3.656098202,2200,3.342422681,637,2.804139432,FC(F)C(F)(C(F)(F)F)C(F)(F)F
HFC-b-329mz,6600,3.819543936,8600,3.934498451,9080,3.958085849,FC(F)(F)C(C(F)(F)F)C(F)(F)F
HFC-b-338mz,4320,3.635483747,1650,3.217483944,472,2.673941999,FC(F)C(C(F)(F)F)C(F)(F)F
HFC-b-338py ,3540,3.549003262,1200,3.079181246,342,2.534026106,FC(F)C(F)(C(F)F)C(F)(F)F
HFC-b-338mym ,3520,3.546542663,1320,3.120573931,378,2.5774918,FCC(F)(C(F)(F)F)C(F)(F)F
HFC-b-347mzm,1620,3.209515015,457,2.6599162,130,2.113943352,FCC(C(F)(F)F)C(F)(F)F
HFC-b-347myp ,2720,3.434568904,847,2.92788341,242,2.383815366,FCC(F)(C(F)F)C(F)(F)F
HFC-b-347mzp ,2870,3.457881897,851,2.92992956,243,2.385606274,FC(F)C(C(F)F)C(F)(F)F
HFC-b-347pyp ,2800,3.447158031,840,2.924279286,240,2.380211242,FC(F)C(F)(C(F)F)C(F)F
HFC-b-356mzm ,3830,3.583198774,1320,3.120573931,378,2.5774918,CC(C(F)(F)F)C(F)(F)F
HFC-b-356myp ,3930,3.59439255,1300,3.113943352,372,2.57054294,CC(F)(C(F)F)C(F)(F)F
HFC-b-356mzp ,1320,3.120573931,369,2.567026366,105,2.021189299,FCC(C(F)F)C(F)(F)F
HFC-b-356myq ,2360,3.372912003,700,2.84509804,200,2.301029996,FCC(F)(CF)C(F)(F)F
HFC-b-356pzp ,1960,3.292256071,553,2.742725131,158,2.198657087,FC(F)C(C(F)F)C(F)F
HFC-b-356pyp,2230,3.348304863,649,2.812244697,185,2.267171728,FCC(F)(C(F)F)C(F)F
HFC-b-365mzp ,1390,3.1430148,390,2.591064607,111,2.045322979,CC(C(F)F)C(F)(F)F
HFC-b-365myq ,1270,3.103803721,357,2.552668216,102,2.008600172,CC(F)(CF)C(F)(F)F
HFC-b-365pyp ,2500,3.397940009,729,2.862727528,208,2.318063335,CC(F)(C(F)F)C(F)F
HFC-b-365mzq ,163,2.212187604,45,1.653212514,13,1.113943352,FCC(CF)C(F)(F)F
HFC-b-365pzp ,1000,3,279,2.445604203,79,1.897627091,FCC(C(F)F)C(F)F
HFC-b-365pyq ,1200,3.079181246,338,2.5289167,96,1.982271233,FCC(F)(CF)C(F)F
HFC-b-374my ,2350,3.371067862,687,2.836956737,196,2.292256071,CC(C)(F)C(F)(F)F
HFC-b-374mz ,257,2.409933123,71,1.851258349,20,1.301029996,CC(CF)C(F)(F)F
HFC-b-374py ,896,2.95230801,250,2.397940009,71,1.851258349,CC(F)(CF)C(F)F
HFC-b-374pzp ,661,2.820201459,184,2.264817823,52,1.716003344,CC(C(F)F)C(F)F
HFC-b-374qyq ,1170,3.068185862,329,2.517195898,94,1.973127854,FCC(F)(CF)CF
HFC-b-374pzq ,438,2.641474111,122,2.086359831,35,1.544068044,FCC(CF)C(F)F
HFC-b-383mz ,288,2.459392488,80,1.903089987,23,1.361727836,CC(C)C(F)(F)F
HFC-b-383py ,1180,3.071882007,330,2.51851394,94,1.973127854,CC(C)(F)C(F)F
HFC-b-383pz ,138,2.139879086,38,1.579783597,11,1.041392685,CC(CF)C(F)F
HFC-b-383qy,550,2.740362689,153,2.184691431,44,1.643452676,CC(F)(CF)CF
HFC-b-383qzq ,172,2.235528447,48,1.681241237,14,1.146128036,FCC(CF)CF
HFC-b-392qy ,220,2.342422681,61,1.785329835,17,1.230448921,CC(C)(F)CF
HFC-b-392qz ,32,1.505149978,9,0.954242509,3,0.477121255,CC(CF)CF
HFC-b-392pz ,54,1.73239376,15,1.176091259,4,0.602059991,CC(C)C(F)F
HFC-b-3-10-1q ,2,0.301029996,0.1,-1,0.1,-1,CC(C)CF
HFC-b-3-10-1sy ,147,2.167317335,41,1.612783857,12,1.079181246,CC(C)(C)F
HFC-458mfcf ,7550,3.877946952,3670,3.564666064,1060,3.025305865,FC(F)(F)CC(F)(F)CC(F)(F)F
1-Fluorohexane ,1340,3.127104798,723,2.859138297,213,2.328379603,CCCCCCF
Fluorobenzene ,2,0.301029996,0.1,-1,0.1,-1,Fc1ccccc1
HFC-55-10mcff ,3540,3.549003262,1070,3.029383778,305,2.484299839,FC(F)(F)C(F)(F)CCC(F)(F)C(F)(F)F
"(E)-HFO-1132, (E)-1,2-difluoro-ethene",0.001,-3,0.001,-3,0.001,-3,F/C=C/F
"(Z)-HFO-1132, (Z)-1,2-difluoro-ethene",0.001,-3,0.001,-3,0.001,-3,F/C=C\F
HFO-1261yf ,0.001,-3,0.001,-3,0.001,-3,C=C(C)F
"HFO-1261zf, 3-fluoro-1-propene ",0.001,-3,0.001,-3,0.001,-3,C=CCF
HFO-1234zc ,0.1,-1,0.001,-3,0.001,-3,FC(F)=CC(F)F
HFO-1234yc ,0.001,-3,0.001,-3,0.001,-3,FCC(F)=C(F)F
HFO-1225yc ,0.001,-3,0.001,-3,0.001,-3,FC(F)=C(F)C(F)F
HFO-1225zc ,0.001,-3,0.001,-3,0.001,-3,FC(F)=CC(F)(F)F
"1,1-dichloroethane ",14,1.146128036,4,0.602059991,1,0,CC(Cl)Cl
"1,1,2-trichloroethane ",9,0.954242509,2,0.301029996,0.001,-3,ClCC(Cl)Cl
"1,1,1,2-tetrachloroethane ",459,2.661812686,128,2.10720997,37,1.568201724,ClCC(Cl)(Cl)Cl
"1,1,2,2-tetrachloroethane ",31,1.491361694,9,0.954242509,2,0.301029996,ClC(Cl)C(Cl)Cl
1-chloropropane ,0.1,-1,0.1,-1,0.001,-3,CCCCl
"1,3-dichloropropane ",0.1,-1,0.1,-1,0.001,-3,ClCCCCl
1-chloro-2-methylpropane ,0.001,-3,0.001,-3,0.001,-3,CC(C)CCl
1-chloropentane ,0.001,-3,0.001,-3,0.001,-3,CCCCCCl
Chloroethene (vinyl chloride) ,0.001,-3,0.001,-3,0.001,-3,C=CCl
"1,1-dichloroethene ",0.001,-3,0.001,-3,0.001,-3,C=C(Cl)Cl
"(E)-1,2-dichloroethene ",0.1,-1,0.001,-3,0.001,-3,Cl/C=C/Cl
"(Z)-1,2-dichloroethene ",0.001,-3,0.001,-3,0.001,-3,Cl/C=C\Cl
3-chloro-1-propene ,0.001,-3,0.001,-3,0.001,-3,Cc1nn(C)cc1-c1nc2c(nc(C(=O)N3CCC(C(C)(C)O)CC3)n2C)c(N2CCOCC2)c1F
3-chloro-1-propyne ,0.001,-3,0.001,-3,0.001,-3,C#CCCl
"2,3-dichloropropene ",0.001,-3,0.001,-3,0.001,-3,C=C(Cl)CCl
"1,2-dichloropropene ",0.001,-3,0.001,-3,0.001,-3,C/C(Cl)=C/Cl
"1,3-dichloropropene (E) ",0.001,-3,0.001,-3,0.001,-3,Cl/C=C/CCl
"1,3-dichloropropene (Z) ",0.001,-3,0.001,-3,0.001,-3,Cl/C=C\CCl
"3,4-dichloro-1-butene",0.001,-3,0.001,-3,0.001,-3,C=CC(Cl)CCl
"Hexachloro-1,3-butadiene ",0.001,-3,0.001,-3,0.001,-3,ClC(Cl)=C(Cl)C(Cl)=C(Cl)Cl
"Hexachloro-1,3-cyclopentadiene ",0.001,-3,0.001,-3,0.001,-3,ClC1=C(Cl)C(Cl)(Cl)C(Cl)=C1Cl
Chlorobenzene ,1,0,0.1,-1,0.001,-3,Clc1ccccc1
"1,4-dichlorobenzene ",4,0.602059991,1,0.1,0.1,-1,Clc1ccc(Cl)cc1
"1,3-dichlorobenzene ",1,0,0.1,-1,0.001,-3,Clc1cccc(Cl)c1
"1,2-dichlorobenzene",2,0.301029996,0.1,-1,0.1,-1,Clc1ccccc1Cl
1-chloro-4-methylbenzene ,2,0.301029996,0.1,-1,0.1,-1,Cc1ccc(Cl)cc1
1-chloro-3-methylbenzene ,2,0.301029996,0.1,-1,0.1,-1,Cc1cccc(Cl)c1
1-chloro-2-methylbenzene ,1,0,0.1,-1,0.001,-3,Cc1ccccc1Cl
Benzyl chloride ,2,0.301029996,0.1,-1,0.1,-1,ClCc1ccccc1
"1,2-dichloro-3-(trichloromethyl)-benzene (DCTCB)",25,1.397940009,7,0.84509804,2,0.301029996,Clc1cccc(C(Cl)(Cl)Cl)c1Cl
CFO-1113 Chlorotrifluoroethene ,0.001,-3,0.001,-3,0.001,-3,FC(F)=C(F)Cl
"(Z)-1,2-fluorochloroethene",0.001,-3,0.001,-3,0.001,-3,F/C=C\Cl
fluorotrichloroethylene,0.001,-3,0.001,-3,0.001,-3,FC(Cl)=C(Cl)Cl
"1-chloro-2,3,3,3-tetrafluoropro-(E); (E)-HCFO-1224yd",2,0.301029996,0.1,-1,0.1,-1,FC(=CCl)C(F)(F)F
"HCFO-1233xf  (2-chloro-3,3,3-fluoro-1-propene)",16,1.204119983,4,0.602059991,1,0,C=C(Cl)C(F)(F)F
"CFO-1215yc  (3-chloro-1,1,2,3,3-fluoro-1-propene)",0.1,-1,0.1,-1,0.001,-3,FC(F)=C(F)C(F)(F)Cl
"3,3-dichloro-1,1,1,2-tetrafluoro-propene ",2,0.301029996,0.1,-1,0.1,-1,FC(=C(Cl)Cl)C(F)(F)F
"1,2-dichloro-3,3,3-trifluoro-propene (Z)",8,0.903089987,2,0.301029996,0.1,-1,FC(F)(F)C(Cl)=CCl
"CFO-1316yff  (4,4-dichloro-1,1,2,3,3,4-fluoro-1-butene)",0.1,-1,0.1,-1,0.001,-3,FC(F)=C(F)C(F)(F)C(F)(Cl)Cl
p-chlorobenzotrifluoride ,25,1.397940009,7,0.84509804,2,0.301029996,FC(F)(F)c1ccc(Cl)cc1
Bromodichloromethane ,6,0.77815125,2,0.301029996,0.1,-1,ClC(Cl)Br
 Dibromochloromethane ,2,0.301029996,0.1,-1,0.1,-1,ClC(Br)Br
Halon-2402 isomer ,4420,3.645422269,2360,3.372912003,695,2.841984805,FC(F)(F)C(F)(Br)Br
Bromoethene ,2,0.301029996,0.1,-1,0.1,-1,C=CBr
Bromothrifluoroethene ,0.001,-3,0.001,-3,0.001,-3,FC(F)=C(F)Br
"1-bromo-2,2-fluoroethene ",0.001,-3,0.001,-3,0.001,-3,FC(F)=CBr
3-bromo-1-propene ,0.1,-1,0.1,-1,0.001,-3,C=CCBr
"2-bromo-3,3,3-fluoro-1-propene",0.1,-1,0.001,-3,0.001,-3,C=C(Br)C(F)(F)F
"2-bromo-3,3,4,4,4-fluoro-1-butene ",0.1,-1,0.001,-3,0.001,-3,C=C(Br)C(F)(F)C(F)(F)F
"4-bromo-3,3,4,4-fluoro-1-butene ",0.1,-1,0.1,-1,0.001,-3,C=CC(F)(F)C(F)(F)Br
Benzyl bromide ,0.1,-1,0.001,-3,0.001,-3,BrCc1ccccc1
"4-bromo-3-chloro-3,4,4-trifluoro-1-butene",0.1,-1,0.001,-3,0.001,-3,C=CC(F)(Cl)C(F)(F)Br
Perfluoroisobutene,2,0.301029996,0.1,-1,0.1,-1,FC(F)=C(C(F)(F)F)C(F)(F)F
(Z)-Perfluoro-2-butene,9,0.954242509,2,0.301029996,0.1,-1,F/C(=C(\F)C(F)(F)F)C(F)(F)F
Perfluoro(2-methyl-2-pentene),202,2.305351369,56,1.748188027,16,1.204119983,FC(=C(C(F)(F)F)C(F)(F)F)C(F)(F)C(F)(F)F
Hexafluorobenzene,31,1.491361694,9,0.954242509,2,0.301029996,Fc1c(F)c(F)c(F)c(F)c1F
"PFPHP- Perfluoroperhydrophen-_x000D_anthrene   (Vitreon, Flutec PP 11)",7390,3.868644438,9900,3.995635195,11800,4.071882007,FC1(F)C(F)(F)C(F)(F)C2(F)C(F)(C1(F)F)C(F)(F)C(F)(F)C1(F)C(F)(F)C(F)(F)C(F)(F)C(F)(F)C12F
"1,1,2,2-tetrafluoro-1-(trifluoro-_x000D_methoxy)ethane",9480,3.976808337,3640,3.561101384,1040,3.017033339,FC(F)C(F)(F)OC(F)(F)F
HFE-236ca,11100,4.045322979,4750,3.67669361,1360,3.133538908,FC(F)OC(F)(F)C(F)F
HFE-254eb2,26,1.414973348,7,0.84509804,6,0.77815125,COC(F)C(F)(F)F
HFE-338mec3 ,6170,3.790285164,1960,3.292256071,559,2.747411808,FC(F)OC(F)(F)C(F)C(F)(F)F
HFE-347mcf ,3430,3.53529412,987,2.994317153,282,2.450249108,FC(F)OCC(F)(F)C(F)(F)F
HFE-365mcf2 ,259,2.413299764,72,1.857332496,21,1.322219295,CCOC(F)(F)C(F)(F)F
i-HFE-7100 ,1620,3.209515015,462,2.664641976,132,2.120573931,FC(F)OCC(F)(C(F)(F)F)C(F)(F)F
HFE-54-11mecf ,437,2.640481437,121,2.08278537,35,1.544068044,FC(C(F)(F)F)C(F)(F)OCC(F)(F)C(F)(F)F
HG-20 ,15200,4.181843588,7590,3.880241776,2210,3.344392274,FC(F)OC(F)(F)OC(F)(F)OC(F)F
HG-21 ,11700,4.068185862,4170,3.620136055,1190,3.075546961,FC(F)OC(F)(F)OC(F)(F)OC(F)(F)C(F)(F)OC(F)F
"1-ethoxy-1,1,2,2,3,3,3-heptafluoro-propane",289,2.460897843,80,1.903089987,23,1.361727836,CCOC(F)(F)C(F)(F)C(F)(F)F
"1,1,2,2-tetrafluoro-1-(fluorometh-oxy)ethane",3980,3.599883072,1150,3.06069784,328,2.515873844,FCOC(F)(F)C(F)F
Fluoro(methoxy)methane ,56,1.748188027,16,1.204119983,4,0.602059991,COCF
Fluoro(fluoromethoxy)methane,566,2.752816431,157,2.195899652,45,1.653212514,FCOCF
Difluoro(fluoromethoxy)methane ,2380,3.376576957,665,2.822821645,190,2.278753601,FCOC(F)F
Trifluoro(fluoromethoxy)methane ,3280,3.515873844,923,2.965201701,263,2.419955748,FCOC(F)(F)F
Trifluoromethyl formate,2320,3.365487985,650,2.812913357,185,2.267171728,O=COC(F)(F)F
Perfluoropropyl formate ,569,2.755112266,158,2.198657087,45,1.653212514,O=COC(F)(F)C(F)(F)C(F)(F)F
Perfluorobutyl formate ,1270,3.103803721,354,2.549003262,101,2.004321374,O=COC(F)(F)C(F)(F)C(F)(F)C(F)(F)F
"3,3,3-trifluoropropyl formate ",69,1.838849091,19,1.278753601,5,0.698970004,O=COCCC(F)(F)F
"1,2,2,2-tetrafluoroethyl formate ",1810,3.257678575,504,2.702430536,144,2.158362492,O=COC(F)C(F)(F)F
Perfluorobutyl acetate ,7,0.84509804,2,0.301029996,0.1,-1,CC(=O)OC(F)(F)C(F)(F)C(F)(F)C(F)(F)F
Perfluoropropyl acetate ,6,0.77815125,2,0.301029996,0.1,-1,CC(=O)OC(F)(F)C(F)(F)C(F)(F)F
Perfluoroethyl acetate ,8,0.903089987,2,0.301029996,0.1,-1,CC(=O)OC(F)(F)C(F)(F)F
Trifluoromethyl acetate ,8,0.903089987,2,0.301029996,0.1,-1,CC(=O)OC(F)(F)F
Methyl carbonofluoridate ,380,2.579783597,106,2.025305865,30,1.477121255,COC(=O)F
"1,1-difluoroethyl carbonofluoridate ",95,1.977723605,26,1.414973348,8,0.903089987,CC(F)(F)OC(=O)F
"1,1-difluoroethyl 2,2,2-trifluoro-acetate",119,2.075546961,33,1.51851394,9,0.954242509,CC(F)(F)OC(=O)C(F)(F)F
"2,2,2-trifluoroethyl 2,2,2-trifluoro-acetate",152,2.181843588,42,1.62324929,12,1.079181246,O=C(OCC(F)(F)F)C(F)(F)F
"Methyl 2,2-difluoroacetate ",74,1.86923172,20,1.301029996,6,0.77815125,COC(=O)C(F)F
"Difluoromethyl 2,2,2-trifluoro-acetate",100,2,28,1.447158031,8,0.903089987,O=C(OC(F)F)C(F)(F)F
"2,2-3,3,4,4,5,5,5-fluoro-1-pentanol",20,1.301029996,6,0.77815125,2,0.301029996,OCC(F)(F)C(F)(F)C(F)(F)C(F)(F)F
1-fluoropropan-2-one ,4,0.602059991,0.1,-1,0.1,-1,CC(=O)CF
"1,1,1,3,3,3-hexafluoropropan-2-one",10,1,3,0.477121255,0.1,-1,O=C(C(F)(F)F)C(F)(F)F
"NOVEC-774 (Tetradecafluoro-2,4-dimethylpentan-3-one)",3,0.477121255,0.1,-1,0.1,-1,O=C(C(F)(C(F)(F)F)C(F)(F)F)C(F)(C(F)(F)F)C(F)(F)F
Perfluoro(2-methyl-3-hexanone) ,3,0.477121255,0.1,-1,0.1,-1,O=C(C(F)(F)C(F)(F)C(F)(F)F)C(F)(C(F)(F)F)C(F)(F)F
Chloroacetone ,0.001,-3,0.001,-3,0.001,-3,CC(=O)CCl
Bromoacetone ,0.001,-3,0.001,-3,0.001,-3,CC(=O)CBr
Trifluoroacetaldehyde,0.001,-3,0.001,-3,0.001,-3,O=CC(F)(F)F
Trifluoroacetyl fluoride ,0.1,-1,0.1,-1,0.001,-3,O=C(F)C(F)(F)F
Oxalyl fluoride ,0.1,-1,0.001,-3,0.001,-3,O=C(F)C(=O)F
"2,2,3,3,3-pentafluoropropanal ",0.001,-3,0.001,-3,0.001,-3,O=CC(F)(F)C(F)(F)F
Difluoromalonyl fluoride ,0.1,-1,0.1,-1,0.001,-3,O=C(F)C(F)(F)C(=O)F
"4,4,4-trifluorobutanal ",0.001,-3,0.001,-3,0.001,-3,O=CCCC(F)(F)F
"2,2,3,3,4,4,4-heptafluorobutanal ",0.001,-3,0.001,-3,0.001,-3,O=CC(F)(F)C(F)(F)C(F)(F)F
Tetrafluorosuccinyl fluoride ,0.1,-1,0.1,-1,0.001,-3,O=C(F)C(F)(F)C(F)(F)C(=O)F
"2,2,3,3,4,4,5,5,5-nonafluoro-petanal",0.001,-3,0.001,-3,0.001,-3,O=CC(F)(F)C(F)(F)C(F)(F)C(F)(F)F
Methyl iodide,0.1,-1,0.001,-3,0.001,-3,CI
Bromoiodomethane,0.001,-3,0.001,-3,0.001,-3,C(Br)I 
Chloroiodomethane,0.001,-3,0.001,-3,0.001,-3,C(Cl)I 
Diiodomethane,0.001,-3,0.001,-3,0.001,-3,C(I)I
Trifluoroiodomethane,1,0,0.1,-1,0.001,-3,C(F)(F)(F)I
Iodoethane,0.001,-3,0.001,-3,0.001,-3,CCI
n-iodopropane,0.001,-3,0.001,-3,0.001,-3,CCCI
i-iodopropane,0.001,-3,0.001,-3,0.001,-3,CC(C)I
3-iodo-1-propene,0.001,-3,0.001,-3,0.001,-3,C=CCI 
1-iodo-heptafluoropropane,0.001,-3,0.001,-3,0.001,-3,C(C(F)(F)F)(C(F)(F)I)(F)F
Tert-butyl iodide,0.1,-1,0.001,-3,0.001,-3,CC(C)(C)I
Carbonyl fluoride,0.1,-1,0.1,-1,0.001,-3,C(=O)(F)F
Phosphorus tribromide,0.001,-3,0.001,-3,0.001,-3,P(Br)(Br)Br
Ammonia,0.1,-1,0.001,-3,0.001,-3,N
Carbonyl Sulfide,109,2.037426498,30,1.477121255,9,0.954242509,C(=O)=S
Sulfuryl fluoride,7130,3.85308953,4390,3.64246452,1340,3.127104798,O=S(=O)(F)F
Trifluoroacetic acid (TFA),0.1,-1,0.1,-1,0.001,-3,C(=O)(C(F)(F)F)O
Heptafluorobutyronitrile,4020,3.604226053,2350,3.371067862,705,2.848189117,C(#N)C(C(C(F)(F)F)(F)F)(F)F
Chlorine nitrate,1,0,0.1,-1,0.001,-3,[N+](=O)([O-])OCl
Bromine nitrate,0.001,-3,0.001,-3,0.001,-3,[N+](=O)([O-])OBr
